,Material,Long Material Description,Supplier,Location,PIGCOM,Comments,Leadtime,Tank_Drum_Size, Intransit ,Intransit_Notes, Stock_CH01 , Stock_CH10 , monthly Chemical Forecast , monthly Consumption (6months) , monthly Consumption (3months) ,InHouse Stock InMonth,StockSet InHouse & Intransit,Current InHouse & Intransit, Buy To StockSet , ByTank , revised To Buy , stock included Buy , Aveage ForeCast Consumption , current Chemical Demand ,InHouse vs. curOrders,InHouse vs. oneMonth,
0,104989,RM 1080,GSC ITALY,O,COMPOUND,keo FISS water,70,120, 840 ,NaT::840.0, 960 , 194 , -   , 202 , 214 ,10.8,5.3,18.6, -   , -   ,,, 107 , -   ,"1,154 ","1,047 ",
1,104988,RM 2510,GSC ITALY,O,COMPOUND,"keo FONDO, RIM",70,120, -   ,-," 5,280 ", 526 , 3 , 318 , 305 ,37.7,5.3,37.7, -   , -   ,,, 154 , -   ,"5,806 ","5,652 ",
2,100094,ACRYSOL RM-825,LANXESS,D,-,"keo mau art: Ellington, Benfica, Viseu",23,204, -   ,-, -   , 177 , -   , 75 , 35 ,9.8,3.8,9.8, -   , -   ,,, 18 , -   ,177 ,159 ,
3,104769,CONTEX AMARANTO,SAMIA,O,PIGMENT,xai het khong mua nua,70,60, -   ,-, 480 , 35 , -   , 23 , 38 ,27.1,5.3,27.1, -   , -   ,,, 19 , -   ,515 ,496 ,
4,105458,OXY CAR AMARANTH HP,GSC,O,PIGMENT,GSC pigment,70,120, -   ,-, 960 , 173 , 67 , 24 , 34 ,22.7,5.3,22.7, -   , -   ,,, 50 , 10 ,"1,123 ","1,083 ",
5,104804,ARANCIO CONTEX ECP,SAMIA,O,PIGMENT,xai het khong mua nua,70,120, -   ,-, 120 , 28 , 10 , 26 , 31 ,7.4,5.3,7.4, -   , -   ,,, 20 , 2 ,146 ,128 ,
6,105535,OPERA MANDARINO,GSC,O,PIGMENT,GSC pigment,70,120, -   ,-," 1,320 ", 80 , 56 , 22 , 22 ,35.9,5.3,35.9, -   , -   ,,, 39 , 1 ,"1,399 ","1,361 ",
7,105186,OXY FINE ARANCIO CO,GSC,O,-,GSC project,70,120, -   ,-, -   , -   , -   , -   ,,,5.3,0, -   , -   ,,,, -   ,0 ,,
8,104523,ORANGE DHL,RINO MASTROTTO GROUP S.P.A,O,COMPOUND,-,0,1, -   ,-, -   , 96 , -   , -   ,,,3,0, -   , -   ,,,, -   ,96 ,,
9,104744,ISOLAC ORANGE,SAMIA,O,PIGMENT,-,70,10, -   ,-, 170 , 12 , 1 , 1 , 1 ,182,5.3,182, -   , -   ,,, 1 , -   ,182 ,181 ,
10,105589,SHADE ORANGE/EJ,GSC,O,-,-,70,10, -   ,-, -   , -   , -   , -   ,,,5.3,0, -   , -   ,,,, -   ,0 ,,
11,104528,BI-372,STAHL singapore,O,COMPOUND,"EFF art: Deco/Lux, Classic TT",25,25, -   ,-, -   , 11 , 8 , 20 , 22 ,0.7,3.8,0.7, 46 , 1.9 ,,, 15 , -   ,11 ,(4),
12,104797,BIANCO CONTEX ULTRA DOS,SAMIA,O,PIGMENT,-,70,160, -   ,-, -   , -   , 499 , -   ,,,5.3,0, -   , -   ,,,, 32 ,(32),,
13,105460,OXY FINE BIANCO RD,GSC,O,PIGMENT,GSC pigment,70,160," 12,640 ",2023-02-05::2400.0|||2023-02-26::1280.0|||NaT::800.0|||NaT::6560.0|||NaT::1600.0," 3,360 "," 1,050 "," 4,693 "," 2,620 "," 2,659 ",1.2,5.3,4.6," 2,573 ", 16.1 ,,," 3,676 "," 1,851 ","2,559 ",734 ,
14,104743,ISOLAC BIANCO,SAMIA,O,PIGMENT,-,70,10, -   ,-, -   , -   , -   , -   ,,,5.3,0, -   , -   ,,,, -   ,0 ,,
15,105513,ISOLAC BIANCO N LP,SAMIA,O,PIGMENT,"xai het khong mua nua, chuyen qua mua ""SHADE WHITE""",70,10, -   ,-, 220 , 53 , 23 , 12 , 13 ,15.2,5.3,15.2, -   , -   ,,, 18 , 18 ,255 ,255 ,
16,105590,SHADE WHITE/EJ,GSC,O,-,-,70,10, -   ,-, -   , 7 , -   , -   ,,,5.3,0, -   , -   ,,,, -   ,7 ,,
17,104667,BINDER M-SM 118,GSC ITALY,O,-,-,70,1000, -   ,-, -   , -   , -   , -   ,,,5.3,0, -   , -   ,,,, -   ,0 ,,
18,104778,BINDEX SR 150,GSC ITALY,O,-,-,70,1000, -   ,-, -   , -   , -   , -   ,,,5.3,0, -   , -   ,,,, -   ,0 ,,
19,104756,BRITEX BLACK,SAMIA,O,COMPOUND,pigment EFF water,70,30, -   ,-, 720 , 20 , 14 , 8 , 5 ,74,5.3,74, -   , -   ,,, 10 , 11 ,729 ,730 ,
20,104807,BLU CONTEX T,SAMIA,O,PIGMENT,-,70,120, -   ,-, -   , -   , 5 , -   ,,,5.3,0, -   , -   ,,,, 1 ,(1),,
21,105473,OPERA BLU,GSC,O,PIGMENT,GSC pigment=>NCC doi ten thanh (OXY FINE NERO BLU CO),70,120, -   ,-, 960 , 143 , 275 , 117 , 144 ,5.3,5.3,5.3, -   , -   ,,, 210 , 42 ,"1,061 ",893 ,
22,105185,OXY FINE NERO BLU CO,GSC,O,-,GSC pigment (tên moi cua opera blu),70,120, 720 ,NaT::720.0, -   , -   , -   , -   ,,,5.3,0, -   , -   ,,,, -   ,0 ,,
23,104531,BLUE DHL,RINO MASTROTTO GROUP S.P.A,O,COMPOUND,-,0,1, -   ,-, -   , 241 , -   , -   , -   ,241,0,241, -   , -   ,,, -   , -   ,241 ,241 ,
24,105017,SAMIANIL CB BLEU RP,SAMIA,O,-,-,70,1, -   ,-, 19 , 12 , -   , -   ,,,5.3,0, -   , -   ,,,, -   ,31 ,,
25,104770,CONTEX BLUE MARINE,SAMIA,O,PIGMENT,xai het khong mua nua,70,60, -   ,-, 360 , 35 , 12 , 16 , 18 ,26.3,5.3,26.3, -   , -   ,,, 15 , -   ,395 ,380 ,
26,105459,OXY CAR OCEAN BLUE HP,GSC,O,PIGMENT,GSC pigment,70,120, -   ,-," 1,200 ", 163 , 14 , 25 , 19 ,85.2,5.3,85.2, -   , -   ,,, 16 , -   ,"1,363 ","1,347 ",
27,104534,BORDEAUX DHL,SYN-BIOS,O,COMPOUND,-,0,1, -   ,-, -   , -   , -   , -   ,,,3,0, -   , -   ,,,, -   ,0 ,,
28,104757,BRITEX BROWN,SAMIA,O,COMPOUND,pigment EFF water,70,30, -   ,-," 1,680 ", 111 , 5 , 1 , 1 ,597,5.3,597, -   , -   ,,, 3 , -   ,"1,791 ","1,788 ",
29,104802,CONTEX BRUNO,SAMIA,O,PIGMENT,-,70,160, -   ,-, -   , -   , 37 , -   ,,,5.3,0, -   , -   ,,,, -   ,0 ,,
30,105467,OPERA BRUNO DL,GSC,O,PIGMENT,GSC pigment,70,150, -   ,-," 3,900 ", 246 , 434 , 212 , 190 ,13.3,5.3,13.3, -   , -   ,,, 312 , 143 ,"4,003 ","3,834 ",
31,104768,CONTEX BRUNO R,SAMIA,O,PIGMENT,-,70,60, -   ,-, -   , -   , 2 , -   ,,,5.3,0, -   , -   ,,,, 7 ,(7),,
32,105457,OXY CAR MOGANO HP,GSC,O,PIGMENT,GSC pigment,70,120, -   ,-," 2,640 ", 161 , 61 , 53 , 58 ,46.7,5.3,46.7, -   , -   ,,, 60 , 9 ,"2,792 ","2,741 ",
33,104798,CONTEX BRUNO V,SAMIA,O,PIGMENT,-,70,160, -   ,-, -   , -   , 4 , -   ,,,5.3,0, -   , -   ,,,, 5 ,(5),,
34,105461,OXY CAR BROWN VIOLET HP,GSC,O,PIGMENT,GSC pigment,70,160, 480 ,NaT::480.0," 1,600 ", 657 , 603 , 295 , 257 ,5.2,5.3,6.4, -   , -   ,,, 430 , 207 ,"2,050 ","1,827 ",
35,105043,SAMIANIL CB BRUNO RP,SAMIA,O,COMPOUND,"xai het khong mua nua, chuyen qua mua Sella derm Brown",70,25, -   ,-, 10 , 11 , 3 , 1 , 2 ,10.5,5.3,10.5, -   , -   ,,, 2 , 1 ,20 ,19 ,
36,105546,SELLA DERM BROWN M2,TFL Italy,O,COMPOUND,"pigment EFF nitro, KELA",83,25, -   ,-, 75 , 17 , -   , 2 , 1 ,92,0,92, -   , -   ,,, -   , -   ,92 ,92 ,
37,104748,ISOLAC BRUNO,SAMIA,O,PIGMENT,"xai het khong mua, chuyen qua ""SHADE TAN""",70,10, 80 ,NaT::80.0, 110 , 26 , 6 , 8 , 7 ,22.7,5.3,36, -   , -   ,,, 6 , 4 ,132 ,130 ,
38,105591,SHADE TAN/EJ,GSC,O,-,"pigment EFF nitro, KELA",70,10, -   ,-, -   , 6 , -   , -   ,,,5.3,0, -   , -   ,,,, -   ,6 ,,
39,104749,ISOLAC BRUNO  ROSSO,SAMIA,O,PIGMENT,"xai het khong mua, chuyen qua ""SHADE BROWN""",70,10, -   ,-, 450 , 21 , 25 , 21 , 16 ,23.6,5.3,23.6, -   , -   ,,, 20 , 10 ,461 ,451 ,
40,105592,SHADE BROWN/EJ,GSC,O,-,"pigment EFF nitro, KELA",70,10, -   ,-, -   , 9 , -   , -   ,,,5.3,0, -   , -   ,,,, -   ,9 ,,
41,104538,BUTILGLICOLE,SAMCHEM,D,-,-,14,188, -   ,-, -   , -   , -   , -   ,,,3.5,0, -   , -   ,,,, -   ,0 ,,
42,105282,BUTYL CELLOSOLVE (BCS),SAMCHEM,D,-,ve sinh kela,14,188, -   ,-, -   , 188 , -   , 31 , 63 ,5.9,3.5,5.9, -   , -   ,,, 32 , -   ,188 ,156 ,
43,104689,CERANIL D 1188,SAMIA,O,-,-,65,1, -   ,-, -   , -   , -   , -   ,,,5.2,0, -   , -   ,,,, -   ,0 ,,
44,104786,CERA ST,GSC ITALY,O,COMPOUND,THUNDER art,70,50, -   ,-, 50 , -   , -   , -   ,,,5.3,0, -   , -   ,,,, -   ,50 ,,
45,105153,FYL WAX CERA ST,GSC ITALY,O,-,THUNDER,70,50, -   ,-, -   , -   , -   , -   ,,,5.3,0, -   , -   ,,,, -   ,0 ,,
46,104541,CICLOESANONE *,Samchem,D,COMPOUND,EFF - FISS nitro,14,190, -   ,-," 2,850 ", 318 , 694 , 547 , 576 ,5,3.5,5, -   , -   ,,, 635 , 409 ,"2,759 ","2,533 ",
47,104690,DC65,NG?C LAN,D,COMPOUND,"EFF water: GRETNA TT,HILLIARD TT, FLORIDA,JAVILLE TT",14,120, -   ,-, 120 , 99 , 2 , 10 , 2 ,109.5,3.5,109.5, -   , -   ,,, 2 , -   ,219 ,217 ,
48,104787,DERMATOP TP,GSC ITALY,O,-,-,70,50, -   ,-, -   , -   , -   , -   ,,,5.3,0, -   , -   ,,,, -   ,0 ,,
49,104773,TO-VI-97,GSC ITALY,O,COMPOUND,"Emulsione Light, NCC ?ã ??i tên thành (WASSERLAC 77 ACB)",70,110," 1,430 ",NaT::1430.0," 2,750 ", 496 , 455 , 555 , 477 ,7,5.3,10, -   , -   ,,, 466 , 108 ,"3,138 ","2,780 ",
50,105179,WASSERLAC 77 ACB,GSC ITALY,O,-,"Emulsione Light,Tên m?i c?a TO-VI-97",70,110, -   ,-, -   , -   , -   , -   ,,,5.3,0, -   , -   ,,,, -   ,0 ,,
51,104780,EUDERM MATT SN2,LANSESS,O,-,to make the transfer article Hermes from Itumbiara to VN.,26,120, -   ,-, -   , -   , -   , -   ,,,3.9,0, -   , -   ,,,, -   ,0 ,,
52,104926,TOP 100 M,GSC ITALY,O,COMPOUND,NCC ?ã ??i tên thành (DERMATOP DULL S),70,120, 480 ,NaT::480.0, 360 , 103 , 307 , 98 , 104 ,2.2,5.3,4.6, 144 , 1.2 ,,, 206 , 49 ,414 ,257 ,
53,105176,DERMATOP DULL S,GSC ITALY,O,-,Tên m?i c?a TOP 100 M,70,120, -   ,-, 360 , -   , -   , -   ,,,5.3,0, -   , -   ,,,, -   ,360 ,,
54,104965,RODA LINK C/70,TFL,O,COMPOUND,cross linker,83,10, -   ,-," 2,040 ", 148 , 347 , 314 , 314 ,6.6,5.8,6.6, -   , -   ,,, 330 , 130 ,"2,058 ","1,858 ",
55,104939,AQUAFIX LUCID 555,GSC,O,COMPOUND,NCC ?ã ??i tên thành (AQ SYSTEM 555 LUX),70,120, -   ,-, -   , 39 ," 2,498 "," 2,302 "," 1,975 ",0,5.3,0," 11,851 ", 98.8 ,,," 2,236 ", 506 ,(467),"(2,197)",
56,105150,AQ SYSTEM 555 LUX,GSC,O,-,Tên m?i c?a AQUAFIX LUCID 555,70,120," 8,640 ",2023-02-05::1200.0|||2023-02-26::600.0|||NaT::3000.0|||NaT::3840.0," 4,080 "," 1,095 ", -   , 183 , 367 ,28.1,5.3,75.1, -   , -   ,,, 184 , -   ,"5,175 ","4,991 ",
57,105021,EXP AQUAFIX 1016,GSC,O,-,"TIP,BONO, VANILE,CAPE TOWN TIP,DAKOTA TIP / replace with 555",70,120, -   ,-, -   , -   , -   , -   ,,,5.3,0, -   , -   ,,,, -   ,0 ,,
58,105086,EX WT 43 051,STAHL(Singapore),O,COMPOUND,"Fis Baltimora,FISS art: ANGKOR,CAPITAL,TAMPA,FARO,ALINE K TT HP,GABLES,SAHARA, NOKOR, AZORES,MERO",25,110," 6,890 ",2023-02-12::770.0|||2023-02-12::4620.0|||NaT::1500.0, -   , 58 ," 1,712 "," 1,366 "," 2,062 ",0,3.8,3.7, 189 , 1.7 ,,," 1,887 "," 1,269 ","(1,211)","(1,829)",
59,104555,FI-70-306,STAHL(Singapore),O,COMPOUND,"FISS art: Vintage, EFF Deco/Lux, EFF Classic TT",25,55, 110 ,NaT::110.0, 330 , 68 , 314 , 155 , 135 ,1.8,3.8,2.3, 336 , 6.1 ,,, 224 , 205 ,193 ,174 ,
60,104512,Melio Wax AL-03,Stahl Singapore,O,-,"WAX DECO&CLASSIC, FISS1 VINTAGE",23,60, -   ,-, -   , -   , -   , -   ,,,3.8,0, -   , -   ,,,, -   ,0 ,,
61,104805,CONTEX FUCHSIA,SAMIA,O,PIGMENT,-,70,120, -   ,-, -   , -   , 2 , 1 ,,,5.3,0, -   , -   ,,,, 8 ,(8),,
62,105462,OPERA RUBINO,GSC,O,PIGMENT,GSC pigment,70,120, -   ,-," 1,560 ", 128 , 50 , 14 , 15 ,52.8,5.3,52.8, -   , -   ,,, 32 , 10 ,"1,678 ","1,656 ",
63,104803,GIALLO CONTEX ECP,SAMIA,O,PIGMENT,-,70,120, -   ,-, -   , -   , 42 , -   ,,,5.3,0, -   , -   ,,,, 7 ,(7),,
64,105468,OPERA GIALLO,GSC,O,PIGMENT,GSC pigment,70,120, -   ,-," 4,440 ", 478 , 592 , 296 , 267 ,11.4,5.3,11.4, -   , -   ,,, 430 , 135 ,"4,783 ","4,488 ",
65,104557,CONTEX GIALLO PK,SAMIA,O,PIGMENT,-,70,60, -   ,-, -   , -   , 6 , -   ,,,5.3,0, -   , -   ,,,, -   ,0 ,,
66,105472,OPERA ARANCIO,GSC,O,PIGMENT,GSC pigment,70,120, -   ,-, 840 , 163 , 98 , 49 , 59 ,12.9,5.3,12.9, -   , -   ,,, 78 , 85 ,918 ,925 ,
67,104745,ISOLAC GIALLO ORO,SAMIA,O,PIGMENT,"xài h?t không mua n?a, chuy?n qua mua ""SHADE YELLOW""",70,10, -   ,-, 570 , 46 , 36 , 27 , 24 ,20.5,5.3,20.5, -   , -   ,,, 30 , 21 ,595 ,586 ,
68,105593,SHADE YELLOW/EJ,GSC,,-,"pigment EFF nitro, KELA",70,10, -   ,-, -   , -   , -   , -   ,,,5.3,0, -   , -   ,,,, -   ,0 ,,
69,105611,SHADE YELLOW CO/EJ,GSC,,-,"pigment EFF nitro, KELA",70,10, -   ,-, -   , -   , -   , -   ,,,5.3,0, -   , -   ,,,, -   ,0 ,,
70,104766,BRITEX GREEN,SAMIA,O,-,-,70,1, -   ,-, -   , -   , -   , -   ,,,5.3,0, -   , -   ,,,, -   ,0 ,,
71,104727,DILUENT NITRO GL,RIVERBANK,D,COMPOUND,"pha EFF, FISS nitro và v? sinh",14,850, -   ,-," 7,650 ", 620 ," 14,745 "," 16,354 "," 16,162 ",0.5,3.5,0.5," 46,362 ", 54.5 ,,," 15,454 "," 8,039 ",231 ,"(7,184)",
72,104564,HM-283,STAHL(Singapore),O,-,"TIPSHINE article: MALTA TIP, BY CAST TIP, ZANZI TIP",20,1, -   ,-, 50 , 50 , -   , -   ,,,3.7,0, -   , -   ,,,, -   ,100 ,,
73,100029,HM-183                   ,STAHL,O,-,TIP BY MACHINE FOR BONO TT TIP,80,1, -   ,-, -   , 15 , -   , -   , -   ,15,0,15, -   , -   ,,, -   , -   ,15 ,15 ,
74,104563,HM-132,STAHL sigapore,O,COMPOUND,-,23,22.5, -   ,-, -   , -   , -   , -   ,,,3.8,0, -   , -   ,,,, -   ,0 ,,
75,105205,HM-22-132,STALH Singapore,O,COMPOUND,FISS nitro,25,25, -   ,-, 125 , 7 , 48 , 41 , 44 ,2.9,3.8,2.9, 41 , 1.7 ,,, 46 , 18 ,114 ,86 ,
76,100322,ICALAC SB 200,ICAP,O,COMPOUND,KELA,83,110," 2,200 ",2023-02-07::2200.0," 1,650 ", 435 ," 1,100 ", 840 , 859 ,2.1,5.8,4.4," 1,372 ", 12.5 ,,, 980 , 666 ,"1,419 ","1,105 ",
77,104938,COMPACT HP3,RECALAC,O,COMPOUND,compound,70,1000," 18,000 ",2023-03-23::18000.0," 12,000 "," 1,821 "," 18,382 "," 6,101 "," 7,055 ",1.1,5.3,2.5," 35,610 ", 35.6 ,,," 12,718 "," 3,518 ","10,303 ","1,103 ",
78,104952,EX-RC -57-611/B,STAHL EUROPE BV,O,COMPOUND,(DONE)-Stahl Germany have another 14ton in their stock.,80,1000, -   ,-, -   , -   , -   , -   ,,,5.7,0, -   , -   ,,,, -   ,0 ,,
79,104867,BASEMASK 5000,SMIT FINISHING,O,COMPOUND,"SOFT, MALTA, OVAR",70,120," 1,920 ",2023-03-18::1920.0," 6,600 ", 11 ," 3,152 ", 816 , 654 ,3.5,5.3,4.5," 1,522 ", 12.7 ,,," 1,903 ", 490 ,"6,121 ","4,708 ",
80,105321,BASEMUSK 5500,SMIT FINISHING,O,-,"Not, approved,PM.VIE.0021.19.A ,will be used in Mallorca article.",85,120, -   ,-, -   , -   , -   , -   ,,,5.8,0, -   , -   ,,,, -   ,0 ,,
81,104931,BINDER M-PR 400,GSC ITALY,O,COMPOUND,Compound,70,1000," 58,000 ",2023-02-05::10000.0|||2023-02-26::5000.0|||NaT::2000.0|||NaT::8000.0|||NaT::10000.0|||NaT::23000.0," 15,000 "," 2,243 "," 31,604 "," 14,442 "," 16,025 ",0.7,5.3,3.2," 50,009 ", 50.0 ,,," 23,814 "," 16,352 ",891 ,"(6,571)",
82,104932,BINDER W 212,GSC ITALY,O,COMPOUND,"Compound,NCC ?ã ??i tên thành (BINDER W 207)",70,1000, -   ,-," 3,000 "," 1,420 "," 10,277 "," 3,438 "," 3,548 ",0.6,5.3,0.6," 32,486 ", 32.5 ,,," 6,912 "," 4,525 ",(105),"(2,492)",
83,105151,BINDER W 207,GSC ITALY,O,-,"Compound,Tên m?i c?a BINDER W 212",70,1000," 8,000 ",2023-02-05::2000.0|||NaT::3000.0|||NaT::3000.0," 2,000 ", -   , -   , -   ,,,5.3,0, -   , -   ,,,, -   ,"2,000 ",,
84,104928,RODA BASE 5615,TFL,O,COMPOUND,"FON or RIM article: AJAX TT, HERCULES TT,CAPRI,SAHARA KTT, RAVENNA,Maestro",83,120," 6,000 ",2023-03-27::6000.0, -   , -   ," 3,914 "," 1,578 "," 2,273 ",0,5.8,1.9," 12,067 ", 100.6 ,,," 3,094 "," 3,499 ","(3,499)","(3,094)",
85,104987,BUTIL DIGLYCOL,SAMCHEM,D,COMPOUND,-,14,200, -   ,-, -   , -   , 86 , -   ,,,3.5,0, -   , -   ,,,, 70 ,(70),,
86,105283,BUTYL CARBITOL (BC),SAMCHEM,D,COMPOUND,add on FISS water,14,200, -   ,-, 400 , 709 , 1 , 85 , 49 ,44.4,3.5,44.4, -   , -   ,,, 25 , -   ,"1,109 ","1,084 ",
87,104579,LAMOIL GS,UNICHEM,O,-,-,0,1, -   ,-, -   , -   , -   , -   ,,,3,0, -   , -   ,,,, -   ,0 ,,
88,104730,LAMSOFT SW16,UNICHEM,O,-,replace with Roda Feel 768N,54,100, -   ,-, -   , -   , -   , -   ,,,4.8,0, -   , -   ,,,, -   ,0 ,,
89,105263,RODA FEEL 768/ N,TFL,O,COMPOUND,"Tato Milling art ELLINGTESSE K TT, add on FISS water",83,30, -   ,-," 1,380 ", 87 , 5 , 15 , 5 ,293.4,5.8,293.4, -   , -   ,,, 5 , -   ,"1,467 ","1,462 ",
90,104696,LAMSOFT W 81,UNICHEM,O,-,-,54,100, -   ,-, -   , -   , -   , -   ,,,4.8,0, -   , -   ,,,, -   ,0 ,,
91,104709,LAMWAX 6,UNICHEM,O,-,-,54,120, -   ,-, -   , -   , -   , -   ,,,4.8,0, -   , -   ,,,, -   ,0 ,,
92,104806,CONTEX LEMON C,SAMIA,O,PIGMENT,-,70,120, -   ,-, -   , -   , 4 , -   ,,,5.3,0, -   , -   ,,,, 9 ,(9),,
93,105469,OPERA LIMONE,GSC,O,PIGMENT,GSC pigment,70,120, 360 ,NaT::360.0, 960 , 84 , 321 , 176 , 174 ,4.2,5.3,5.7, -   , -   ,,, 248 , 82 ,962 ,796 ,
94,104746,ISOLAC LEMON LP,SAMIA,O,PIGMENT,xài h?t không mua n?a chuy?n qua mua SHADE LEMON,70,10, -   ,-, -   , 20 , 13 , 10 , 7 ,2,5.3,2, 33 , 3.3 ,,, 10 , 4 ,16 ,10 ,
95,105594,SHADE LEMON/EJ,GSC,O,-,"pigment EFF nitro, KELA",70,10, -   ,-, 40 , 2 , -   , -   ,,,5.3,0, -   , -   ,,,, -   ,42 ,,
96,104759,BRITEX LEMON ICE,SAMIA,O,-,-,70,1, -   ,-, -   , -   , -   , -   ,,,5.3,0, -   , -   ,,,, -   ,0 ,,
97,104588,LS-8296,STAHL sigapore,O,COMPOUND,-,23,100, -   ,-, -   , -   , -   , -   ,,,3.8,0, -   , -   ,,,, -   ,0 ,,
98,105353,LS-64-296 ,STAHL Europe,O,COMPOUND,THUNDER,83,100, -   ,-, 100 , -   , -   , -   ,,,5.8,0, -   , -   ,,,, -   ,100 ,,
99,104891,LS-64-256,STALH Singapore,O,COMPOUND,"EMU, FIS 1,VINTAGE, EFF WILD",25,100," 1,000 ",NaT::1000.0, 500 , 496 , 936 , 480 , 408 ,1.5,3.8,3, 538 , 5.4 ,,, 672 , 648 ,348 ,324 ,
100,104792,RODA LAC S 214,TFL,O,COMPOUND,-,83,110, -   ,-, -   , -   ," 2,788 ", -   ,,,5.8,0, -   , -   ,,,," 1,640 ","(1,640)",,
101,105310,RODA LAC S 214/N,TFL,O,COMPOUND,"EF+FISS NITRO, SIENA",83,110," 4,400 ",2023-03-27::4400.0," 5,940 ", 341 , -   ," 2,096 "," 2,329 ",5.4,5.8,9.2, -   , -   ,,," 1,164 ", -   ,"6,281 ","5,117 ",
102,104729,TRUMP FINISH 6311,ISELLO,O,COMPOUND,-,75,45, -   ,-," 1,035 ", 13 , 16 , 39 , 32 ,43.7,5.5,43.7, -   , -   ,,, 24 , -   ,"1,048 ","1,024 ",
103,105016,SU-2960,STAHL Netherlands,O,-,-,105,100, -   ,-, -   , -   , -   , -   ,,,6.5,0, -   , -   ,,,, -   ,0 ,,
104,104937,MELIO AQUABASE W-MN,STAHL singapore,O,-,STUCCO BY HAND,25,70, 540 ,NaT::540.0, 350 , 270 , -   , 345 , 308 ,4,3.8,7.5, -   , -   ,,, 154 , -   ,620 ,466 ,
105,104601,METALIC SILVER - NHU BAC,Vina Hào D??ng,D,COMPOUND,-,14,1, -   ,-, 3 , 2 , -   , -   ,,,3.5,0, -   , -   ,,,, -   ,5 ,,
106,104680,MEK-CLEANING SOLVENT,RIVERBANK,D,COMPOUND,FISS nitro,14,165, -   ,-, 330 , 209 , 142 , 259 , 199 ,3.2,3.5,3.2, 51 , 0.3 ,,, 170 , 28 ,511 ,369 ,
107,104676,MELIO PROMUL AP-39 A,Stahl Singapore,O,COMPOUND,-,25,120," 2,040 ",NaT::2040.0, 120 ," 1,270 "," 2,369 "," 1,214 "," 1,100 ",0.8,3.8,2," 3,121 ", 26.0 ,,," 1,734 ", 968 ,422 ,(344),
108,104961,RODA PUR 65,TFL,O,-,"xài h?t không mua n?a, chuy?n qua xài ASTACIN FINISH PUMN TF",83,1000, -   ,-," 6,000 ", -   , -   , -   ,,,5.8,0, -   , -   ,,,, -   ,"6,000 ",,
109,105505,ASTACIN FINISH PUMN TF,STAHL Germany,O,COMPOUND,"ch?t t??ng ???ng c?a nó là RODA PUR 65, khi g?n h?t s? l??ng stock hi?n t?i thì báo K? thu?t chuy?n qua xài RODA PUR 65 cho h?t, sau ?ó chuy?n qua ch?t này xài luôn, ch?t này mình yêu c?u  keep stock ? Singapore",71,120," 9,600 ",2023-02-12::1440.0|||NaT::8160.0, 600 , 650 ," 4,507 "," 2,003 "," 2,002 ",0.4,5.4,3.3," 6,833 ", 56.9 ,,," 3,254 "," 2,259 ","(1,009)","(2,004)",
110,104960,RODA LINK 5504/N,TFL,O,COMPOUND,cross linker,83,10," 2,400 ",NaT::900.0|||2023-03-27::1500.0," 2,000 ", 461 ," 1,241 ", 591 , 567 ,2.7,5.8,5.4, 362 , 36.2 ,,, 904 , 496 ,"1,965 ","1,557 ",
111,104675,MELIO 09-R-179,STAHL,O,-,same as Rodalink 5504,83,10, -   ,-, -   , -   , -   , -   ,,,5.8,0, -   , -   ,,,, -   ,0 ,,
112,105159,RETICOLANTE 05,ORCHID CHEM (NG?C LAN),D,-,-,0,10, -   ,-, -   , -   , -   , -   ,,,3,0, -   , -   ,,,, -   ,0 ,,
113,105157,HARDNER UR 26,ORCHID CHEM (NG?C LAN),D,-,-,0,10, -   ,-, -   , -   , -   , -   ,,,3,0, -   , -   ,,,, -   ,0 ,,
114,104734,TOUCHMILL C/FAT,GSC ITALY,O,-,OLIO,70,1000, -   ,-, -   , 156 , -   , 1 , 2 ,156,5.3,156, -   , -   ,,, 1 , -   ,156 ,155 ,
115,104643,TOUCHMILL C/LDM (EX MILLITER C/LDM),GSC ITALY,O,-,Will flush out and stop,70,1000, -   ,-, -   , -   , -   , -   ,,,5.3,0, -   , -   ,,,, -   ,0 ,,
116,104644,TOUCHMILL C/LDS (EX MILLITER C/LDS),GSC ITALY,O,COMPOUND,"MILLING MEKONG, CAPITAL,Express,Datanla, PUCCINI",70,1000, -   ,-," 1,080 ", 124 , 100 , 50 , 70 ,14.2,5.3,14.2, -   , -   ,,, 85 , 22 ,"1,182 ","1,119 ",
117,104645,TOUCHMILL C/W8 (EX MILLITER C/W8),GSC ITALY,O,COMPOUND,"MILLING CAPITAL,BOWIE",70,1000, 960 ,NaT::960.0, 600 , 112 , 132 , 83 , 36 ,8.5,5.3,19.9, -   , -   ,,, 84 , 27 ,685 ,628 ,
118,104799,NERO CONTEX M,SAMIA,O,PIGMENT,"can replace by PP Stahl 19215, PP 11315)",70,120, -   ,-, -   , -   , 41 , -   ,,,5.3,0, -   , -   ,,,, 8 ,(8),,
119,105464,OPERA NERO FR,GSC,O,PIGMENT,GSC pigment (nhà CC ?ã ??i tên thành oxy fine nerro fr),70,120," 1,800 ",NaT::1800.0," 4,200 ", 353 ," 1,694 ", 773 , 879 ,3.5,5.3,4.9, 514 , 4.3 ,,," 1,286 ", 788 ,"3,765 ","3,267 ",
120,105180,OXY FINE NERO FR,GSC,O,-,GSC pigment (tên m?i c?a opera nero),70,120," 3,000 ",NaT::3000.0, -   , -   , -   , -   ,,,5.3,0, -   , -   ,,,, -   ,0 ,,
121,104754,ISOLAC NERO,SAMIA,O,PIGMENT,-,70,10, -   ,-," 1,440 ", 48 , 152 , 114 , 112 ,11.3,5.3,11.3, -   , -   ,,, 132 , 62 ,"1,426 ","1,356 ",
122,105595,SHADE BLACK/EJ,GSC,O,-,-,70,10, -   ,-, 5 , 24 , -   , -   ,,,5.3,0, -   , -   ,,,, -   ,29 ,,
123,104914,SAMIACEL LACCA 793,SAMIA,O,COMPOUND,"FISS BOWIE (MANWAH), EFF ELLING TON+VISEU K TT LUX",70,50, -   ,-, -   , -   , 434 , -   ,,,5.3,0, -   , -   ,,,, 99 ,(99),,
124,105533,SAMIACEL LACCA 793 ET,SAMIA,O,-,"FISS BOWIE (MANWAH), EFF ELLING TON+VISEU K TT LUX",70,50," 2,000 ",NaT::2000.0," 1,800 ", 75 , -   , 539 , 337 ,11.2,5.3,23.1, -   , -   ,,, 168 , -   ,"1,875 ","1,707 ",
125,104915,SAMIACEL OPACO 813,SAMIA,O,COMPOUND,-,70,50, -   ,-, -   , -   , -   , -   ,,,5.3,0, -   , -   ,,,, -   ,0 ,,
126,105515,SAMIACEL OPACO 813 ET,SAMIA,O,COMPOUND,"FISS nitro, SIENA, Maestro",70,50, -   ,-," 10,000 ", 36 , 684 , 655 , 578 ,15.9,5.3,15.9, -   , -   ,,, 631 , 408 ,"9,628 ","9,405 ",
127,104966,SMITFIX M 9556,SMIT FINISHING,O,COMPOUND,-,85,110, -   ,-, -   , -   , -   , -   ,,,5.8,0, -   , -   ,,,, -   ,0 ,,
128,104964,RODA FIX 6271/B,TFL,O,-,xài trong FISS water màu tr?ng,83,1000, -   ,-," 4,000 "," 1,302 ", -   ," 1,431 ", 254 ,41.7,5.8,41.7, -   , -   ,,, 127 , -   ,"5,302 ","5,175 ",
129,105410,EX-WT-35-711,Stahl Singapore,O,COMPOUND,xài trong FISS water ,25,120," 11,960 ",2023-02-12::8760.0|||NaT::3200.0, -   , 711 ," 5,876 "," 2,964 "," 4,595 ",0.1,3.8,2.4," 7,330 ", 61.1 ,,," 5,236 "," 1,848 ","(1,137)","(4,525)",
130,104708,NOVA M 16/NF,UNICHEM,O,COMPOUND,-,54,120, -   ,-, -   , -   , -   , -   ,,,4.8,0, -   , -   ,,,, -   ,0 ,,
131,104973,TFIX M 9562,SMIT FINISHING,O,COMPOUND,"Tên art. Có TIP : BRAZOS MANWAH, TIP,BONO TIP, VANILE TIP,CAPE TOWN TIP,DAKOTA TIP,ASPEN,EMO TIP,ROSSINI TT TIP,TSING,XANTUM",70,120, -   ,-," 9,000 ", 346 , 29 , 186 , 91 ,155.8,5.3,155.8, -   , -   ,,, 60 , -   ,"9,346 ","9,286 ",
132,104812,NOVA NT/L NF,UNICHEM,O,-,-,54,120, -   ,-, -   , -   , -   , -   ,,,4.8,0, -   , -   ,,,, -   ,0 ,,
133,104824,NOVOLAC 750,RECALAC,O,COMPOUND,EMU DARK,70,1000," 10,000 ",NaT::10000.0," 15,000 "," 1,754 "," 2,658 "," 3,688 "," 5,240 ",4.2,5.3,6.8, -   , -   ,,," 3,949 ", 591 ,"16,163 ","12,805 ",
134,105376,TOPCELL VOC FREE,Tanquimica BRazil,O,COMPOUND,EMUL: ASIAMA and MANWAH,76,1000," 8,000 ",2023-03-12::8000.0, -   , -   ," 2,384 "," 1,409 ", 50 ,0,5.5,6.6, -   , -   ,,," 1,217 "," 1,596 ","(1,596)","(1,217)",
135,105223,EXP AQ SYSTEM EF 91/8,GSC,O,COMPOUND,"EFFETTO water: BONO TT TIP,HP, BRAZOS,VINCI, MALLORCA,BENTON,ANGKOR,RAIDER,GABLES,ROSSINI TT TIP",70,120," 9,120 ",2023-02-05::4560.0|||NaT::4560.0," 1,440 ", 189 ," 2,137 "," 1,788 "," 1,515 ",0.9,5.3,5.9, -   , -   ,,," 1,826 "," 2,140 ",(511),(197),
136,105170,AQ SYSTEM EF 91/8,,,-,-,0,, -   ,-, -   , -   , -   , -   ,,,3,0, -   ,,,,, -   ,0 ,,
137,104758,BRITEX ORANGE,SAMIA,O,-,-,70,1, -   ,-, -   , -   , -   , -   ,,,5.3,0, -   , -   ,,,, -   ,0 ,,
138,104800,OCRA CONTEX,SAMIA,O,PIGMENT,-,70,160, -   ,-, -   , -   , 66 , -   ,,,5.3,0, -   , -   ,,,, 15 ,(15),,
139,105465,OPERA OCRA DL,GSC,O,PIGMENT,GSC project,70,150," 3,900 ",NaT::3900.0," 3,300 ", 293 ," 2,969 "," 1,360 "," 1,369 ",1.7,5.3,3.5," 3,904 ", 26.0 ,,," 2,169 "," 1,553 ","2,040 ","1,424 ",
140,104747,ISOLAC  OCRA ,SAMIA,O,PIGMENT,"xài h?t không mua n?a, chuy?n qua mua ""SHADE CARAMEL""",70,10, 120 ,NaT::120.0, 100 , 65 , 17 , 17 , 17 ,9.7,5.3,16.8, -   , -   ,,, 17 , 15 ,150 ,148 ,
141,105596,SHADE CARAMEL/EJ,GSC,O,-,"pigment EFF nitro, KELA",70,10, -   ,-, -   , 5 , -   , -   ,,,5.3,0, -   , -   ,,,, -   ,5 ,,
142,104929,RODA BASE RECO 8,TFL,O,COMPOUND,PRE,83,115," 5,750 ",2023-03-27::5750.0," 14,950 ", 698 ," 4,535 "," 3,455 "," 3,298 ",4,5.8,5.5," 1,175 ", 10.2 ,,," 3,916 "," 2,762 ","12,886 ","11,732 ",
143,104963,RODA CARE NL,TFL,O,COMPOUND,"PRE  art: BOWIE,Ellington, TORONTO TAB,CAPITAL,OVAR,Maestro",83,115," 4,140 ",NaT::1150.0|||2023-03-27::2990.0," 5,405 ", 554 ," 1,331 "," 1,211 "," 1,124 ",4.9,5.8,8.2, -   , -   ,,," 1,228 ", 202 ,"5,757 ","4,731 ",
144,104728,PRIMEX UD 32,GSC ITALY,O,-,-,70,120, -   ,-, -   , -   , -   , -   ,,,5.3,0, -   , -   ,,,, -   ,0 ,,
145,104761,BRITEX RED,SAMIA,O,COMPOUND,-,70,1, -   ,-, -   , -   , -   , -   ,,,5.3,0, -   , -   ,,,, -   ,0 ,,
146,104624,RODA CRYL 137,TFL,O,COMPOUND,"RIM+EF HERCULES TT, AJAX TT /RIM+FISS toronto tab /EFF+FISS Bavaria,….",83,120, -   ,-," 1,200 ", 47 , 104 , 99 , 90 ,12.9,5.8,12.9, -   , -   ,,, 97 , 8 ,"1,239 ","1,150 ",
147,104625,RODA FEEL S 930,TFL,O,COMPOUND,add on FISS nitro,83,22, -   ,-, 814 , 42 , 92 , 73 , 67 ,10.7,5.8,10.7, -   , -   ,,, 80 , 42 ,814 ,776 ,
148,104801,ROSSO CONTEX CO,SAMIA,O,PIGMENT,-,70,120, -   ,-, -   , -   , 2 , -   ,,,5.3,0, -   , -   ,,,, 5 ,(5),,
149,105466,OPERA ROSSO DL,GSC,O,PIGMENT,GSC pigment,70,120, -   ,-," 1,440 ", 148 , 175 , 46 , 48 ,14.2,5.3,14.2, -   , -   ,,, 112 , 17 ,"1,571 ","1,476 ",
150,105042,SAMIANIL CB ROSSO RP,SAMIA,O,COMPOUND,"xài h?t không mua n?a, chuy?n qua xài ch?t có tên ??u là ""Sella …."" bên TFL",70,25, -   ,-, 40 , 7 , 1 , 1 , 1 ,47,5.3,47, -   , -   ,,, 1 , -   ,47 ,46 ,
151,104750,ISOLAC  ROSSO ,SAMIA,O,PIGMENT,"xài h?t không mua n?a, chuy?n qua mua ""SHADE RED""",70,10, -   ,-, 230 , 37 , 5 , 5 , 4 ,66.8,5.3,66.8, -   , -   ,,, 4 , 2 ,265 ,263 ,
152,105597,SHADE RED/EJ,GSC,O,-,"pigment EFF nitro, KELA",70,10, -   ,-, -   , 4 , -   , -   ,,,5.3,0, -   , -   ,,,, -   ,4 ,,
153,105018,SAMIANIL CB ROSSO VIVO RP,SAMIA,O,-,-,70,1, -   ,-, -   , -   , -   , -   ,,,5.3,0, -   , -   ,,,, -   ,0 ,,
154,104673,SE W 11 CONC,FENICE,O,COMPOUND,"Millipunte BRAZOS, TORONTO TIP, Bycast Tip, Malta Tip",64,30, -   ,-," 1,400 ", 41 , -   , 10 , 4 ,720.5,5.1,720.5, -   , -   ,,, 2 , -   ,"1,441 ","1,439 ",
155,104703,SMITFIX G 9058,SMIT FINISHING,O,COMPOUND,Millipunte HAWAII TIP,70,120, -   ,-, 120 , 50 , -   , 12 , 16 ,21.2,5.3,21.2, -   , -   ,,, 8 , -   ,170 ,162 ,
156,104672,MP1,RIVERBANK,D,COMPOUND,pha màu và v? sinh,14,190, -   ,-," 3,420 "," 1,344 "," 2,013 "," 2,799 "," 2,413 ",2.2,3.5,2.2," 2,877 ", 15.1 ,,," 2,213 "," 1,089 ","3,675 ","2,551 ",
157,105161,PM1–CLEANING,SAMCHEM,D,-,-,14,190, -   ,-, -   , -   , -   , -   ,,,3.5,0, -   , -   ,,,, -   ,0 ,,
158,105094,ACETONE *,AN V?NH PHÁT,D,-,-,14,160, -   ,-, -   , -   , -   , -   ,,,3.5,0, -   , -   ,,,, -   ,0 ,,
159,105114,SODA CASTIC,Nam Bình,D,-,Maintenance,14,25, -   ,-, -   , -   , -   , 117 , 133 ,0,3.5,0, 231 , 9.2 ,,, 66 , -   ,0 ,(66),
160,104642,TOLUENE,RIVERBANK,D,COMPOUND, Fiss Deco&lux,14,179, -   ,-, 179 , 131 , 4 , 10 , 9 ,51.7,3.5,51.7, -   , -   ,,, 6 , -   ,310 ,304 ,
161,104691,TOUCHMILL C/WS,GSC ITALY,O,COMPOUND,"MILLING CAPITAL,mekong, express, Datanla,PUCCINI",70,1000, -   ,-," 1,320 ", 108 , 200 , 98 , 135 ,8.5,5.3,8.5, -   , -   ,,, 168 , 43 ,"1,385 ","1,260 ",
162,104808,TURCHESE CONTEX T,SAMIA,O,PIGMENT,-,70,60, -   ,-, -   , -   , 4 , -   ,,,5.3,0, -   , -   ,,,, 7 ,(7),,
163,105470,OPERA TURCHESE,GSC,O,PIGMENT,NCC ?ã ??i tên thành (OXY FINE TURCHESE),70,120, 240 ,NaT::240.0, 720 , 142 , 92 , 75 , 75 ,10.3,5.3,13.1, -   , -   ,,, 84 , 7 ,855 ,778 ,
164,105187,OXY FINE TURCHESE,GSC,O,-,GSC pigmnet,70,120, 240 ,NaT::240.0, -   , -   , -   , -   ,,,5.3,0, -   , -   ,,,, -   ,0 ,,
165,104753,ISOLAC TURCHESE,SAMIA,O,PIGMENT,"xài h?t không mua n?a, chuy?n qua mua ""SHADE BLU""",70,10, -   ,-, 280 , 39 , 13 , 16 , 14 ,22.8,5.3,22.8, -   , -   ,,, 14 , 8 ,311 ,305 ,
166,105598,SHADE BLU/EJ,GSC,O,-,"pigment EFF nitro, KELA",70,10, -   ,-, -   , 6 , -   , -   ,,,5.3,0, -   , -   ,,,, -   ,6 ,,
167,104765,BRITEX TURQUOISE,SAMIA,O,-,-,70,1, -   ,-, -   , -   , -   , -   ,,,5.3,0, -   , -   ,,,, -   ,0 ,,
168,104913,LS 16-235,STALH Singapore,O,-,-,23,170, -   ,-, -   , -   , -   , -   ,,,3.8,0, -   , -   ,,,, -   ,0 ,,
169,105326,SU 16-235,STALH Singapore,O,COMPOUND,-,23,180, -   ,-, -   , -   , -   , -   ,,,3.8,0, -   , -   ,,,, -   ,0 ,,
170,105165,LS-76-235,STALH Brazil,O,COMPOUND,-,23,170, -   ,-, -   , -   , -   , -   ,,,3.8,0, -   , -   ,,,, -   ,0 ,,
171,105336,EX-SU-76-235,STALH Singapore,O,COMPOUND,"EFF, FISS nitro",25,180," 2,160 ",2023-02-12::1080.0|||NaT::1080.0, -   , 347 ," 1,002 ", 886 , 948 ,0.4,3.8,2.6," 1,170 ", 6.5 ,,, 975 , 522 ,(175),(628),
172,104771,CONTEX VERDE,SAMIA,O,PIGMENT,-,70,60, -   ,-, -   , -   , -   , -   ,,,5.3,0, -   , -   ,,,, 2 ,(2),,
173,105463,OPERA VERDE,GSC,O,PIGMENT,GSC pigment,70,120, -   ,-," 1,080 ", 191 , 55 , 40 , 32 ,28.9,5.3,28.9, -   , -   ,,, 44 , 5 ,"1,266 ","1,227 ",
174,105188,OXY FINE VERDE,GSC,O,-,GSC project,70,120, -   ,-, -   , -   , -   , -   ,,,5.3,0, -   , -   ,,,, -   ,0 ,,
175,104809,VIOLETTO CONTEX R,SAMIA,O,PIGMENT,-,70,60, -   ,-, -   , -   , 9 , -   ,,,5.3,0, -   , -   ,,,, 5 ,(5),,
176,105471,OPERA PORPORA,GSC,O,PIGMENT,GSC pigment,70,120, -   ,-," 2,160 ", 113 , 52 , 34 , 28 ,56.8,5.3,56.8, -   , -   ,,, 40 , 13 ,"2,260 ","2,233 ",
177,105475,OXY FINE VIOLETTO,GSC,O,PIGMENT,GSC pigment,70,120, -   ,-," 3,360 ", 200 , 49 , 35 , 36 ,84.8,5.3,84.8, -   , -   ,,, 42 , 36 ,"3,524 ","3,518 ",
178,105474,OXY CAR BORDEAUX HP,GSC,O,PIGMENT,GSC pigment,70,120, -   ,-," 1,440 ", 142 , 45 , 24 , 22 ,46.5,5.3,46.5, -   , -   ,,, 34 , 2 ,"1,580 ","1,548 ",
179,104752,ISOLAC VIOLETTO,SAMIA,O,PIGMENT,"xài h?t không mua n?a, chuy?n qua mua ""SHADE VIOLET""",70,10, -   ,-, 620 , 67 , 49 , 52 , 48 ,14.3,5.3,14.3, -   , -   ,,, 48 , 26 ,661 ,639 ,
180,105599,SHADE VIOLET/EJ,GSC,O,-,"pigment EFF nitro, KELA",70,10, -   ,-, -   , 9 , -   , -   ,,,5.3,0, -   , -   ,,,, -   ,9 ,,
181,104655,WT-13-351 (EX-64-170/3),STAHL,O,-,CLASSIC,0,120, -   ,-, -   , -   , -   , -   ,,,3,0, -   , -   ,,,, -   ,0 ,,
182,104873,EX-WT-42-511,Stahl Singapore,O,COMPOUND,"FISS art CALIFORNIA, CADENZA",25,110, 220 ,NaT::220.0, 220 , 25 , 17 , 63 , 72 ,5.6,3.8,10.6, -   , -   ,,, 44 , -   ,245 ,201 ,
183,104923,TOP RT 10,GSC GROUP S.P.A,O,COMPOUND,NCC ?ã ??i tên thành (CRX RT CONC),70,10, 110 ,NaT::110.0, 160 , 122 , 66 , 45 , 40 ,5.3,5.3,7.4, -   , -   ,,, 53 , 14 ,268 ,229 ,
184,105177,CRX RT CONC,GSC GROUP S.P.A,O,-,tên m?i c?a TOP RT 10,70,10, 180 ,NaT::180.0, -   , -   , -   , -   ,,,5.3,0, -   , -   ,,,, -   ,0 ,,
185,105411,XR-2514,STAHL,O,-,anti allergic to replaceTop RT-10 ,70,1, -   ,-, -   , -   , -   , -   ,,,5.3,0, -   , -   ,,,, -   ,0 ,,
186,104767,CONTEX ZITRON,SAMIA,O,PIGMENT,-,70,60, -   ,-, -   , -   , 20 , -   ,,,5.3,0, -   , -   ,,,, 1 ,(1),,
187,105455,OXY CAR CITRON HP,GSC,O,PIGMENT,GSC pigment,70,150, -   ,-," 1,350 ", 150 , 70 , 40 , 39 ,27.8,5.3,27.8, -   , -   ,,, 54 , 25 ,"1,475 ","1,446 ",
188,104819,CORAM T YELLOW,Orchid Chem,D,COMPOUND,Replacement for GIALLO R+L DHL 240Kg/month,14,10, -   ,-, -   , -   , 4 , -   ,,,3.5,0, -   , -   ,,,, 1 ,(1),,
189,85447,CA 3303,Orchid Chem,D,-,Replacement for CORAM T YELLOW ,14,25, -   ,-, -   , -   , -   , -   ,,,3.5,0, -   , -   ,,,, -   ,0 ,,
190,105554,RODA LAC ON 3050-N3,TFL,O,COMPOUND,"FISS art SIENA, ARTIC,Maestro",83,20, -   ,-, 660 , 21 , -   , 13 , 7 ,170.2,5.8,170.2, -   , -   ,,, 4 , -   ,681 ,677 ,
191,104842,RODA CARE NC,,O,-,-,0,1, -   ,-, -   , -   , -   , -   ,,,3,0, -   , -   ,,,, -   ,0 ,,
192,104854,RODA PUR K 312,TFL,O,COMPOUND,-,83,120, -   ,-, -   , -   , -   , -   ,,,5.8,0, -   , -   ,,,, -   ,0 ,,
193,105550,RODA PUR K 312/F,TFL,O,COMPOUND,"SIENA, THUNDER, EF GABLES K TT,AGG KARAT K TT,EF OCALA K TT",83,120, 480 ,NaT::120.0|||2023-03-27::360.0, 720 , 96 , 15 , 98 , 119 ,12.2,5.8,19.3, -   , -   ,,, 67 , -   ,816 ,749 ,
194,104810,CONTEX ROSSO HTR-CO,SAMIA,O,PIGMENT,-,70,60, -   ,-, -   , -   , -   , -   ,,,5.3,0, -   , -   ,,,, -   ,0 ,,
195,105476,OPERA VINACCIA,GSC,O,PIGMENT,GSC pigment,70,120, -   ,-, 960 , 87 , 173 , 69 , 51 ,9.3,5.3,9.3, -   , -   ,,, 112 , 116 ,931 ,935 ,
196,104858,ISO PROPYLIC ALCOHOL,RIVERBANK,D,COMPOUND,"DYECOAT-BUENA, Fleshside",14,160, -   ,-, -   , 34 , 48 , 99 , 116 ,0.4,3.5,0.4, 254 , 1.6 ,,, 82 , 95 ,(61),(48),
197,104983,RECAPUR FIX TVN3,,O,-,-,0,1, -   ,-, -   , -   , -   , -   ,,,3,0, -   , -   ,,,, -   ,0 ,,
198,100413,MELIO FOAM AX-03,Stahl Singapore,O,COMPOUND,add on FONDO FOAM,25,50, 300 ,NaT::300.0, 100 , 26 , 262 , 104 , 120 ,0.7,3.8,2.2, 306 , 6.1 ,,, 191 , 20 ,106 ,(65),
199,104877,CRX S 75 / NT,GSC ITALY,O,COMPOUND,cross linker,70,10, 300 ,NaT::300.0," 1,770 ", 97 , 265 , 293 , 273 ,6.9,5.3,8.1, -   , -   ,,, 269 , 128 ,"1,739 ","1,598 ",
200,105256,XR-5525,Stahl Singapore,O,-,-,70,5, -   ,-, -   , -   , -   , -   ,,,5.3,0, -   , -   ,,,, -   ,0 ,,
201,105659,EX-XR-55-250 ,Stahl Singapore,O,COMPOUND,cross linker,70,5, -   ,-, 45 , 23 , 13 , 7 , 5 ,7.6,5.3,7.6, -   , -   ,,, 9 , 5 ,63 ,59 ,
202,104662,ANTISCHIUMA ANZ 130,MAGNABOSCO,O,-,-,70,1000, -   ,-, -   , -   , -   , -   ,,,5.3,0, -   , -   ,,,, -   ,0 ,,
203,104390,SUPRONIL HK BLACK AS,STAHL Germany,O,COMPOUND,(Daniele)we can replace  with the new ones,80,30, -   ,-, -   , -   , -   , -   ,,,5.7,0, -   , -   ,,,, -   ,0 ,,
204,105045,SAMIANIL CB NERO RP,SAMIA,O,COMPOUND,This chemical will be applied on leather flesh side to use color that is in stock for long time (green,70,1, -   ,-, 350 , 20 , 3 , 4 , 4 ,92.5,5.3,92.5, -   , -   ,,, 4 , 2 ,368 ,366 ,
205,105124,SUPRONIL BLACK LD-5915,STAHL Germany,O,-,-,80,1, -   ,-, -   , -   , -   , -   ,,,5.7,0, -   , -   ,,,, -   ,0 ,,
206,104962,RODA LEVELLER B-LM,TFL,O,COMPOUND,add on FISS water,83,120, -   ,-, 960 , 38 , 70 , 84 , 69 ,14.3,5.8,14.3, -   , -   ,,, 70 , 37 ,961 ,928 ,
207,104902,SAMIACEL MACCHIA 3338,SAMIA,O,COMPOUND,-,70,50, -   ,-, -   , -   , 250 , -   ,,,5.3,0, -   , -   ,,,, 183 ,(183),,
208,105534,SAMIACEL MACCHIA 3338 ET,SAMIA,O,-,KELA,70,50, -   ,-, 900 , 120 , -   , 185 , 194 ,10.5,5.3,10.5, -   , -   ,,, 97 , -   ,"1,020 ",923 ,
209,104882,SMITFIX RL 9492,SMIT FINISHING,O,-,MALDONADO  LUX,85,120, -   ,-, -   , -   , -   , -   ,,,5.8,0, -   , -   ,,,, -   ,0 ,,
210,104497,RODA WAX KCF 638,-,O,COMPOUND,-,0,1, -   ,-, -   , -   , -   , -   ,,,3,0, -   , -   ,,,, -   ,0 ,,
211,104946,RODA KCF 684,TFL LEDERTECHNIK GMBH,O,COMPOUND,"KARMA/TUNDRA, THUNDER",83,120, -   ,-, -   , 217 , -   , -   ,,,5.8,0, -   , -   ,,,, -   ,217 ,,
212,105402,ICALAC SB1 MATT,ICAP,O,-,"FISS Ellington, BENFICA, CARUSO,VISEU",83,23, -   ,-," 1,886 ", 21 , -   , 86 , 52 ,73.3,5.8,73.3, -   , -   ,,, 26 , -   ,"1,907 ","1,881 ",
213,104572,ICALAC SB 215,ICAP,O,COMPOUND,"FISS Ellington, BENFICA, CARUSO,VISEU",83,110, -   ,-," 4,070 ", 113 , 359 , 405 , 251 ,13.7,5.8,13.7, -   , -   ,,, 305 , 74 ,"4,109 ","3,878 ",
214,105084,GEALUX QT,Getti Brazil ,O,COMPOUND,"TATO Milling  Ellington, BENFICA, CARUSO",68,120, -   ,-," 1,200 ", 65 , 75 , 75 , 67 ,17.8,5.3,17.8, -   , -   ,,, 71 , 15 ,"1,250 ","1,194 ",
215,104842,RODA CARE NC,-,O,-,-,0,1, -   ,-, -   , -   , -   , -   ,,,3,0, -   , -   ,,,, -   ,0 ,,
216,104846,RODA FEEL N 4,TFL,O,COMPOUND,"Fiss Baltimora, Tatto Milling ",83,60," 2,280 ",NaT::780.0|||2023-03-27::1200.0|||NaT::300.0, 240 , 153 , 820 , 576 , 610 ,0.5,5.8,3.7," 1,501 ", 25.0 ,,, 715 , 308 ,85 ,(322),
217,104847,RODA FEEL S 2081,TFL,O,COMPOUND, FISS water & nitro (1 s? article),83,25, -   ,-, 400 , 99 , 25 , 31 , 31 ,17.8,5.8,17.8, -   , -   ,,, 28 , 9 ,490 ,471 ,
218,100047, Rosilk 2229 Feel Modifier,TFL Brazil,O,-,backup for RODA FEEL S 2081,83,25, -   ,-, -   , -   , -   , 6 ,,,5.8,0, -   , -   ,,,, -   ,0 ,,
219,104852,RU 74-987,Stahl Singapore,O,-,-,80,110, -   ,-, -   , -   , -   , -   ,,,5.7,0, -   , -   ,,,, -   ,0 ,,
220,104870,WT-48-459,-,O,-,-,0,1, -   ,-, -   , -   , -   , -   ,,,3,0, -   , -   ,,,, -   ,0 ,,
221,104900,NOVA EXP 2052/NF,-,O,-,-,0,1, -   ,-, -   , -   , -   , -   ,,,3,0, -   , -   ,,,, -   ,0 ,,
222,104905,FOAM A 10,-,O,-,-,0,100, -   ,-, -   , -   , -   , -   ,,,3,0, -   , -   ,,,, -   ,0 ,,
223,104911,ISOLAC FINISH 2081,-,O,-,-,0,50, -   ,-, -   , -   , -   , -   ,,,3,0, -   , -   ,,,, -   ,0 ,,
224,105020,BASEMASK 5755/T2,SMIT FINISHING S.P.A,O,-,ch?y BASEMASK,70,40," 1,800 ",NaT::1800.0," 2,800 ", 347 , -   , 526 , 371 ,16.9,5.3,26.6, -   , -   ,,, 186 , -   ,"3,147 ","2,961 ",
225,105027,RODA TEC AW,TFL,O,COMPOUND,"Fiss Baltimora (art ALINE K TT, BALI….)",83,120," 4,200 ",NaT::1800.0|||NaT::2400.0," 2,880 ", 358 ," 1,039 ", 891 , 717 ,3.7,5.8,8.5, -   , -   ,,, 878 , 377 ,"2,861 ","2,360 ",
226,105025,RODA BASE AF-B,TFL,O,-,"RIM HERCULES,FON CAPRI",83,120, -   ,-, -   , -   , -   , -   ,,,5.8,0, -   , -   ,,,, -   ,0 ,,
227,105559,RODA BASE AF-B/N,TFL,O,COMPOUND,"RIM  AJAX TT,HERCULES,FON CAPRI",83,120, -   ,-," 1,680 ", 17 , 102 , 118 , 80 ,18.6,5.8,18.6, -   , -   ,,, 91 , 33 ,"1,664 ","1,606 ",
228,105026,RODA FIX 6271/C,TFL,O,-,-,83,120, -   ,-, -   , -   , -   , -   ,,,5.8,0, -   , -   ,,,, -   ,0 ,,
229,101261,EUDERM NAPPA SOFT S2-A,TFL Italy,O,COMPOUND,"Bowie/Viseu / Ellington lux TT & K TT,MALTESSE, VENEZA LUX",83,115," 2,350 ",NaT::1200.0|||NaT::1150.0," 3,000 ", 246 , 883 , 686 , 416 ,5,5.8,8.6, -   , -   ,,, 650 , 194 ,"3,052 ","2,596 ",
230,100041,PRIMAL SB-100,LANXESS,O,-,"Bowie / Ellington lux TT & K TT,TAB,MALTESSE",25,120, -   ,-, -   , -   , -   , -   ,,,3.8,0, -   , -   ,,,, -   ,0 ,,
231,105614,PRIMAL LH-100,LANXESS,O,-,"Bowie / Ellington lux TT & K TT,TAB,MALTESSE",25,120, -   ,-, -   , -   , -   , -   ,,,3.8,0, -   , -   ,,,, -   ,0 ,,
232,105655,PRIMAL LH 500 ,TFL Brazil,O,COMPOUND,"Bowie/Viseu / Ellington lux TT & K TT,MALTESSE, VENEZA LUX",83,120," 10,000 ",2023-02-06::10000.0," 4,000 ", 812 ," 2,011 "," 1,561 ", 953 ,3.2,5.8,10, -   , -   ,,," 1,482 ", 441 ,"4,371 ","3,330 ",
233,104221,PRIMAL SB-150,LANXESS,O,-,"PRE HERCULES,Bowie / Ellington lux TT & K TT, TAB,MALTESSE",25,120, -   ,-, -   , -   , -   , -   ,,,3.8,0, -   , -   ,,,, -   ,0 ,,
234,105615,PRIMAL LH-150,LANXESS,O,-,"Bowie / Ellington lux TT & K TT, TAB,MALTESSE",25,120, -   ,-, -   , -   , -   , -   ,,,3.8,0, -   , -   ,,,, -   ,0 ,,
235,105656,PRIMAL LH 550,TFL Brazil,O,COMPOUND,"PRE HERCULES, AJAX TT,Bowie/Viseu / Ellington lux TT & K TT, TAB,MALTESSE, GOBIEW, VENEZA LUX",83,120," 2,000 ",2023-02-06::2000.0," 9,000 "," 1,223 "," 1,054 ", 893 , 542 ,12.8,5.8,15.3, -   , -   ,,, 798 , 226 ,"9,997 ","9,425 ",
236,105008,BINDER M-RI 99,GSC GROUP S.P.A,O,COMPOUND,"RIM (white color), EF HERCULES,  AJAX TT, EFF BONO TT TIP,TORONTO TAB)",70,120," 4,840 ",2023-02-26::1000.0|||NaT::3840.0," 5,000 ", 784 ," 1,494 "," 1,444 "," 1,538 ",3.8,5.3,7, -   , -   ,,," 1,516 ", 181 ,"5,603 ","4,268 ",
237,104959,EX-LS-64-468,Stahl Singapore,O,COMPOUND,BUY MORE 225,25,25, 375 ,2023-02-12::200.0|||NaT::175.0, -   , 4 , -   , 111 , 142 ,0.1,3.8,5.3, -   , -   ,,, 71 , -   ,4 ,(67),
238,104706,AQUABASE HF LIQ,STAHL Germany,O,-,-,80,90, -   ,-, -   , -   , -   , -   ,,,5.7,0, -   , -   ,,,, -   ,0 ,,
239,105127,BIOTHANE UW 6522,ORCHID CHEM (NG?C LAN),D,-,Tipshine,14,120, -   ,-, -   , -   , -   , -   ,,,3.5,0, -   , -   ,,,, -   ,0 ,,
240,105167,Aquabase HP ,Stahl ,O,-,"STUCCO BY GEMATA=> xài h?t không mua n?a, chuy?n qua xài RODA CARE 5754",70,75, -   ,-, -   , -   , -   ," 2,262 ", 661 ,0,5.3,0," 1,749 ", 23.3 ,,, 330 , -   ,0 ,(330),
241,105658,AQUABASE UPH,Stahl ,O,-,STUCCO BY GEMATA=> check stock RODA CARE 5754 và check l?i v?i Technician ??i qua AQUABASE UPH (n?u ??i thì báo Singapore tr??c 3 tháng ?? keep stock và mua t?i Singapore),70,75, -   ,-, -   , -   , -   , -   ,,,5.3,0, -   , -   ,,,, -   ,0 ,,
242,104910,RODA CARE 5754,TFL,O,-,STUCCO BY GEMATA=> check stock và check l?i v?i Technician ??i qua AQUABASE UPH (n?u ??i thì báo Singapore tr??c 3 tháng ?? keep stock và mua t?i Singapore),83,70, -   ,-," 22,500 "," 1,960 ", -   ," 1,667 "," 3,334 ",14.7,5.8,14.7, -   , -   ,,," 1,667 ", -   ,"24,460 ","22,793 ",
243,105218,FOUNDER ROLLER 2515 ,SAMIA,O,-,-,80,40, -   ,-, -   , -   , -   , -   ,,,5.7,0, -   , -   ,,,, -   ,0 ,,
244,105126,ANTIFOAM NS-165,Vina Hào D??ng,D,COMPOUND,"add on FISS water, Basemask 5755",14,25, -   ,-, -   , 93 , -   , 8 , 5 ,46.5,3.5,46.5, -   , -   ,,, 2 , -   ,93 ,91 ,
245,105173,SMITFIX G 9631,SMIT FINISHING S.P.A,O,COMPOUND,"Tên article có TIP : ROSSINI TT TIP,BRAZOS,SAPPA,PASKOA, BY CAST TIP,TORONTO TIP, ROCKPOINT TIP,EMO TIP,TSING,XANTUM",70,120, -   ,-," 15,120 ", 409 , 20 , 162 , 66 ,361.1,5.3,361.1, -   , -   ,,, 43 , -   ,"15,529 ","15,486 ",
246,105175,SMITFIX G 9633,SMIT FINISHING S.P.A,O,COMPOUND,"Tên Article có TIP,  TIPSHINE BY HAND & MILLIPUNTE",70,120, -   ,-," 8,640 ", 30 , -   , 77 , 30 ,578,5.3,578, -   , -   ,,, 15 , -   ,"8,670 ","8,655 ",
247,105600,EX-WT-35-703,STAHL Germany,O,COMPOUND,FISS ANKUR K TT,83,25, -   ,-, 240 , 95 , 32 , 39 , 43 ,8.8,5.8,8.8, -   , -   ,,, 38 , -   ,335 ,297 ,
248,105080,RODA CARE HB,TFL,O,COMPOUND,PRE HERCULES,83,100, -   ,-, -   , -   , 87 , -   ,,,5.8,0, -   , -   ,,,, 28 ,(28),,
249,105516,RODA CARE HB-B,TFL,O,-,"PRE HERCULES, AJAX TT",83,100, -   ,-," 2,100 ", 53 , -   , 123 , 114 ,37.8,5.8,37.8, -   , -   ,,, 57 , -   ,"2,153 ","2,096 ",
250,105255,MA-22-617,STAHL Spain,O,COMPOUND,"EF HERCULES, AJAX TT",71,25, -   ,-, 775 , 23 , 5 , 7 , 6 ,133,5.4,133, -   , -   ,,, 6 , 2 ,796 ,792 ,
251,105012,RODA FEEL KTA 950 BR ,TFL,O,COMPOUND,"FIS HERCULES, KELA FLESH SIDE BONO TT TIP",83,30, -   ,-, -   , -   , 220 , -   ,,,5.8,0, -   , -   ,,,, 157 ,(157),,
252,105203,RODA FIX 6306,TFL Brazil,O,COMPOUND,"FIS HERCULES, AJAX TT",83,200, -   ,-," 1,800 ", 159 , 41 , 91 , 106 ,26.5,5.8,26.5, -   , -   ,,, 74 , 13 ,"1,946 ","1,885 ",
253,105059,RODA FEEL S 2075-BR,TFL,O,COMPOUND,"ch?t này gi?ng RODA FEEL S 2075 , MILLING HERCULES, AJAX TT",83,10, -   ,-, 40 , -   , 3 , -   ,,,5.8,0, -   , -   ,,,, 1 ,39 ,,
254,104949,RODA BASE RECO 3,TFL,O,COMPOUND,"PRE-CAPRI, ANKUR K TT",83,120, -   ,-, 480 , 106 , 49 , 43 , 29 ,15,5.8,15, -   , -   ,,, 39 , -   ,586 ,547 ,
255,105349,RODA FEEL S 2075,TFL,O,-,"ch?t này gi?ng RODA FEEL S 2075-BR , MILLING HERCULES, AJAX TT",83,120, 120 ,NaT::120.0, 25 , 18 , -   , 2 , 1 ,43,0,163, -   , -   ,,, -   , -   ,43 ,43 ,
256,104951,SMITFIX RL 9549,SMIT FINISHING S.P.A,O,-,July08-Alan:Place an order for 360kg 9549 ASAP-cancel,83,120, -   ,-, -   , -   , -   , -   ,,,5.8,0, -   , -   ,,,, -   ,0 ,,
257,105393,RODA FEEL KTA 950,TFL,O,COMPOUND,"FIS HERCULES, AJAX TT, FLESH SIDE , Tatto Milling",83,25, -   ,-, 975 , 116 , -   , 82 , 84 ,26,5.8,26, -   , -   ,,, 42 , -   ,"1,091 ","1,049 ",
258,105492,SELLA DERM YELLOW M2,TFL,O,COMPOUND,"pigment SIENA, EF WATER",83,25, -   ,-, 75 , 9 , 2 , 8 , 6 ,21,5.8,21, -   , -   ,,, 4 , 2 ,82 ,80 ,
259,104978,DARKWAX 6G,GSC,O,COMPOUND,THUNDER,70,120, -   ,-, 240 , 120 , -   , -   ,,,5.3,0, -   , -   ,,,, -   ,360 ,,
260,105158,FYL WAX 6G,GSC,O,-,THUNDER,70,120, -   ,-, -   , -   , -   , -   ,,,5.3,0, -   , -   ,,,, -   ,0 ,,
261,105547,SELLA DERM LIGHT BLUE M2,TFL Italy,O,COMPOUND,pigment SIENA,83,25, -   ,-, 25 , 6 , -   , 1 , 1 ,31,0,31, -   , -   ,,, -   , -   ,31 ,31 ,
262,105548,SELLA DERM FUCSIA M2,TFL Italy,O,COMPOUND,pigment SIENA,83,25, -   ,-, -   , 12 , -   , 1 , 1 ,12,0,12, -   , -   ,,, -   , -   ,12 ,12 ,
263,105549,SELLA DERM ARANCIO M2,TFL Italy,O,COMPOUND,pigment SIENA ( không mua n?a khi nào h?t s? xài DHL ORANGE),83,25, 25 ,NaT::25.0, -   , 6 , 1 , 2 , 3 ,3,5.8,15.5, -   , -   ,,, 2 , -   ,6 ,4 ,
264,105409,RODA GROUND RECO 5,TFL Italy,O,COMPOUND,SIENA,83,120, -   ,-," 13,560 ", 75 , 30 , 109 , 45 ,358.8,5.8,358.8, -   , -   ,,, 38 , 6 ,"13,629 ","13,597 ",
265,105545,RODA WAX 4092,TFL Italy,O,COMPOUND,SIENA,83,110, -   ,-," 2,750 ", 69 , 10 , 33 , 11 ,281.9,5.8,281.9, -   , -   ,,, 10 , -   ,"2,819 ","2,809 ",
266,105369,RODA PUR ADX,TFL Italy,O,COMPOUND,SIENA,83,120, -   ,-," 2,640 ", 194 , 7 , 25 , 12 ,283.4,5.8,283.4, -   , -   ,,, 10 , -   ,"2,834 ","2,824 ",
267,104944,RODA OIL KCF 673,TFL Italy,O,COMPOUND,SIENA,83,110, -   ,-," 4,510 ", 170 , 66 , 97 , 48 ,82.1,5.8,82.1, -   , -   ,,, 57 , -   ,"4,680 ","4,623 ",
268,105063,FI 18988,STAHL,O,-,SIENA,70,25, -   ,-, -   , 23 , -   , -   ,,,5.3,0, -   , -   ,,,, -   ,23 ,,
269,105560,RODA FIX 5792/N2,TFL Italy,O,-,-,83,120, -   ,-, 120 , 78 , -   , 2 ,,,5.8,0, -   , -   ,,,, -   ,198 ,,
270,105621,RODA WAX KCF 604/N,TFL Italy,O,COMPOUND,SIENA,83,120, 600 ,NaT::360.0|||NaT::240.0," 2,640 ", 150 , 69 , 266 , 106 ,31.7,5.8,38.5, -   , -   ,,, 88 , 33 ,"2,757 ","2,702 ",
271,105626,NNXC R-16L,,O,-,sample-Shippiment Brazil to JBS Vietnan,83,30, -   ,-," 1,060 ", -   , -   , -   ,,,5.8,0, -   , -   ,,,, -   ,"1,060 ",,
272,105685,PRIMEX 2293,GSC,O,-,sample-Chemicals for Chamois and Maestro ,70,5, -   ,-, 5 , 3 , -   , -   ,,,5.3,0, -   , -   ,,,, -   ,8 ,,
273,105193,ADDITIVE LIV 2455/2,GSC,O,-,sample-Chemicals for Chamois and Maestro ,83,5, -   ,-, 5 , 2 , -   , -   ,,,5.8,0, -   , -   ,,,, -   ,7 ,,
274,105684,FYL WAX 2500,GSC,O,-,sample-Chemicals for Chamois and Maestro ,83,10, -   ,-, 10 , 5 , -   , -   ,,,5.8,0, -   , -   ,,,, -   ,15 ,,
275,105682,FYL WAX 69,GSC,O,-,sample-Chemicals for Chamois and Maestro ,83,50, -   ,-, 120 , 2 , -   , -   ,,,5.8,0, -   , -   ,,,, -   ,122 ,,
276,105638,PEVIT XVS 5491,GSC,O,-,Chemicals for Chamois and Maestro ,83,1, -   ,-, -   , -   , -   , -   ,,,5.8,0, -   , -   ,,,, -   ,0 ,,
277,104930,RODA PUR WX,TFL,O,-,sample-Chemicals for Chamois and Maestro ,83,1, -   ,-, -   , 66 , -   , 2 , 4 ,33,5.8,33, -   , -   ,,, 2 , -   ,66 ,64 ,
278,,ISOLAC FUCSIA LP,GSC,O,-,Chemicals for Chamois and Maestro ,83,1, -   ,-, -   , -   , -   , -   ,,,5.8,0, -   , -   ,,,, -   ,0 ,,
279,105612,SHADE FUXIA/EJ,GSC,O,-,-,83,10, -   ,-, -   , -   , -   , -   ,,,5.8,0, -   , -   ,,,, -   ,0 ,,
280,104948,RODA WAX 6311,TFL Brazil,O,-,-,83,120, 240 ,NaT::240.0, -   , 34 , -   , 16 , 25 ,2.8,5.8,22.8, -   , -   ,,, 12 , -   ,34 ,22 ,
