,Material,Long Material Description,Supplier,Location,PIGCOM,Comments,Leadtime,Tank_Drum_Size,Intransit,Intransit_Notes,Stock_CH01,Stock_CH10,monthly Chemical Forecast,monthly Consumption (6months),monthly Consumption (3months),Consumption on Current Month,InHouse Stock InMonth,StockSet InHouse & Intransit,Current InHouse & Intransit,Buy To StockSet,ByTank,revised To Buy,stock included Buy,Aveage ForeCast Consumption,current Chemical Demand,InHouse vs. curOrders,InHouse vs. oneMonth
0,104989.0,RM 1080,GSC ITALY,O,COMPOUND,keo FISS water,80.0,120.0,840.0,2023-04-17::840.0,240.0,293.0,0.0,242.0,245.0,84.07,533.0,4.7,1373.0,0.0,0.0,,,0.0,0.0,533.0,533.0
1,104988.0,RM 2510,GSC ITALY,O,COMPOUND,"keo FONDO, RIM",80.0,120.0,0.0,-,4200.0,583.0,2.0,355.0,370.0,204.125,2391.5,4.7,2391.5,0.0,0.0,,,2.0,0.0,4783.0,4781.0
2,100094.0,ACRYSOL RM-825,LANXESS,D,-,"keo mau art: Ellington, Benfica, Viseu",23.0,204.0,0.0,-,0.0,385.0,0.0,59.0,51.0,82.3,385.0,2.8,385.0,0.0,0.0,,,0.0,0.0,385.0,385.0
3,104769.0,CONTEX AMARANTO,SAMIA,O,PIGMENT,xai het khong mua nua,70.0,60.0,0.0,-,420.0,34.0,0.0,30.0,30.0,0.0,454.0,4.8,454.0,0.0,0.0,,,0.0,0.0,454.0,454.0
4,105458.0,OXY CAR AMARANTH HP,GSC,O,PIGMENT,GSC pigment,70.0,120.0,0.0,-,840.0,177.0,51.0,37.0,41.0,3.634,19.9,4.8,19.9,0.0,0.0,,,51.0,45.0,972.0,966.0
5,104804.0,ARANCIO CONTEX ECP,SAMIA,O,PIGMENT,xai het khong mua nua,70.0,120.0,0.0,-,120.0,0.0,0.0,21.0,11.0,0.0,120.0,4.8,120.0,0.0,0.0,,,0.0,0.0,120.0,120.0
6,105535.0,OPERA MANDARINO,GSC,O,PIGMENT,GSC pigment,70.0,120.0,0.0,-,1200.0,126.0,31.0,25.0,27.0,18.137,42.8,4.8,42.8,0.0,0.0,,,31.0,2.0,1324.0,1295.0
7,105186.0,OXY FINE ARANCIO CO,GSC,O,-,GSC project,70.0,120.0,0.0,-,0.0,0.0,0.0,0.0,,0.0,0.0,4.3,0.0,0.0,0.0,,,0.0,0.0,0.0,0.0
8,104523.0,ORANGE DHL,RINO MASTROTTO GROUP S.P.A,O,COMPOUND,-,0.0,1.0,0.0,-,0.0,95.0,0.0,0.0,1.0,0.0,95.0,2.0,95.0,0.0,0.0,,,0.0,0.0,95.0,95.0
9,104744.0,ISOLAC ORANGE,SAMIA,O,PIGMENT,-,70.0,10.0,0.0,-,170.0,17.0,1.0,1.0,1.0,0.006,187.0,4.8,187.0,0.0,0.0,,,1.0,1.0,186.0,186.0
10,105589.0,SHADE ORANGE/EJ,GSC,O,-,-,70.0,10.0,0.0,-,0.0,0.0,0.0,0.0,,0.0,0.0,4.3,0.0,0.0,0.0,,,0.0,0.0,0.0,0.0
11,104528.0,BI-372,STAHL Singapore,O,COMPOUND,"EFF art: Deco/Lux, Classic TT",25.0,25.0,0.0,-,25.0,5.0,5.0,27.0,33.0,0.0,6.0,2.8,6.0,0.0,0.0,,,5.0,8.0,22.0,25.0
12,104797.0,BIANCO CONTEX ULTRA DOS,SAMIA,O,PIGMENT,-,70.0,160.0,0.0,-,0.0,0.0,9.0,0.0,,0.0,0.0,4.8,0.0,43.199999999999996,0.3,,,9.0,0.0,0.0,-9.0
13,105460.0,OXY FINE BIANCO RD,GSC,O,PIGMENT,GSC pigment,70.0,160.0,15840.0,2023-04-17::800.0|||2023-04-15::6560.0|||2023-04-17::1600.0|||2023-04-24::1600.0|||2023-05-14::4000.0|||NaT::640.0|||NaT::640.0,0.0,552.0,4266.0,2997.0,2897.0,1142.258,0.1,4.8,3.8,4266.0,26.7,,,4266.0,1950.0,-1398.0,-3714.0
14,104743.0,ISOLAC BIANCO,SAMIA,O,PIGMENT,-,70.0,10.0,0.0,-,0.0,0.0,0.0,0.0,,0.0,0.0,4.8,0.0,0.0,0.0,,,0.0,0.0,0.0,0.0
15,105513.0,ISOLAC BIANCO N LP,SAMIA,O,PIGMENT,"xai het khong mua nua, chuyen qua mua ""SHADE WHITE""",70.0,10.0,0.0,-,220.0,38.0,17.0,14.0,11.0,0.581,15.2,4.8,15.2,0.0,0.0,,,17.0,2.0,256.0,241.0
16,105590.0,SHADE WHITE/EJ,GSC,O,-,-,70.0,10.0,0.0,-,0.0,7.0,0.0,0.0,,0.0,7.0,4.3,7.0,0.0,0.0,,,0.0,0.0,7.0,7.0
17,104667.0,BINDER M-SM 118,GSC ITALY,O,-,-,80.0,1000.0,0.0,-,0.0,0.0,0.0,0.0,,0.0,0.0,4.7,0.0,0.0,0.0,,,0.0,0.0,0.0,0.0
18,104778.0,BINDEX SR 150,GSC ITALY,O,-,-,80.0,1000.0,0.0,-,0.0,0.0,0.0,0.0,,0.0,0.0,4.7,0.0,0.0,0.0,,,0.0,0.0,0.0,0.0
19,104756.0,BRITEX BLACK,SAMIA,O,COMPOUND,pigment EFF water,70.0,30.0,0.0,-,660.0,65.0,4.0,7.0,6.0,0.353,181.2,4.3,181.2,0.0,0.0,,,4.0,6.0,719.0,721.0
20,104807.0,BLU CONTEX T,SAMIA,O,PIGMENT,-,70.0,120.0,0.0,-,0.0,0.0,0.0,0.0,,0.0,0.0,4.8,0.0,0.0,0.0,,,0.0,0.0,0.0,0.0
21,105473.0,OPERA BLU,GSC,O,PIGMENT,GSC pigment=>NCC doi ten thanh (OXY FINE NERO BLU CO),70.0,120.0,0.0,-,720.0,64.0,188.0,140.0,135.0,24.666,4.2,4.8,4.2,112.79999999999993,0.9,,,188.0,58.0,726.0,596.0
22,105185.0,OXY FINE NERO BLU CO,GSC,O,-,GSC pigment (tên moi cua opera blu),70.0,120.0,720.0,2023-04-17::720.0,0.0,0.0,0.0,0.0,,0.0,0.0,4.3,720.0,0.0,0.0,,,0.0,0.0,0.0,0.0
23,104531.0,BLUE DHL,RINO MASTROTTO GROUP S.P.A,O,COMPOUND,-,0.0,1.0,0.0,-,0.0,240.0,0.0,0.0,1.0,0.0,240.0,2.0,240.0,0.0,0.0,,,0.0,0.0,240.0,240.0
24,105017.0,SAMIANIL CB BLEU RP,SAMIA,O,-,-,70.0,1.0,0.0,-,19.0,0.0,0.0,0.0,,0.0,19.0,4.3,19.0,0.0,0.0,,,0.0,0.0,19.0,19.0
25,104770.0,CONTEX BLUE MARINE,SAMIA,O,PIGMENT,xai het khong mua nua,70.0,60.0,0.0,-,360.0,17.0,1.0,12.0,5.0,0.0,377.0,4.8,377.0,0.0,0.0,,,1.0,0.0,377.0,376.0
26,105459.0,OXY CAR OCEAN BLUE HP,GSC,O,PIGMENT,GSC pigment,70.0,120.0,0.0,-,1200.0,84.0,15.0,26.0,26.0,45.019,85.6,4.8,85.6,0.0,0.0,,,15.0,9.0,1275.0,1269.0
27,104534.0,BORDEAUX DHL,SYN-BIOS,O,COMPOUND,-,0.0,1.0,0.0,-,0.0,0.0,0.0,0.0,,0.0,0.0,2.0,0.0,0.0,0.0,,,0.0,0.0,0.0,0.0
28,104757.0,BRITEX BROWN,SAMIA,O,COMPOUND,pigment EFF water,70.0,30.0,0.0,-,1680.0,105.0,0.0,1.0,0.0,0.0,1785.0,4.3,1785.0,0.0,0.0,,,0.0,0.0,1785.0,1785.0
29,104802.0,CONTEX BRUNO,SAMIA,O,PIGMENT,-,70.0,160.0,0.0,-,0.0,0.0,1.0,0.0,,0.0,0.0,4.8,0.0,4.8,0.0,,,1.0,0.0,0.0,-1.0
30,105467.0,OPERA BRUNO DL,GSC,O,PIGMENT,GSC pigment,70.0,150.0,0.0,-,2850.0,645.0,377.0,230.0,250.0,121.394,9.3,4.8,9.3,0.0,0.0,,,377.0,218.0,3277.0,3118.0
31,104768.0,CONTEX BRUNO R,SAMIA,O,PIGMENT,-,70.0,60.0,0.0,-,0.0,0.0,0.0,0.0,,0.0,0.0,4.8,0.0,0.0,0.0,,,0.0,0.0,0.0,0.0
32,105457.0,OXY CAR MOGANO HP,GSC,O,PIGMENT,GSC pigment,70.0,120.0,0.0,-,2520.0,160.0,68.0,59.0,54.0,21.434,39.4,4.8,39.4,0.0,0.0,,,68.0,7.0,2673.0,2612.0
33,104798.0,CONTEX BRUNO V,SAMIA,O,PIGMENT,-,70.0,160.0,0.0,-,0.0,0.0,0.0,0.0,,0.0,0.0,4.8,0.0,0.0,0.0,,,0.0,0.0,0.0,0.0
34,105461.0,OXY CAR BROWN VIOLET HP,GSC,O,PIGMENT,GSC pigment,70.0,160.0,480.0,2023-04-17::480.0,800.0,696.0,424.0,310.0,298.0,73.862,3.5,4.8,4.7,42.39999999999985,0.3,,,424.0,266.0,1230.0,1072.0
35,105043.0,SAMIANIL CB BRUNO RP,SAMIA,O,PIGMENT,"xai het khong mua nua, chuyen qua mua Sella derm Brown",70.0,25.0,0.0,-,0.0,1.0,5.0,3.0,5.0,3.615,0.2,4.8,0.2,23.0,0.9,,,5.0,0.0,1.0,-4.0
36,105546.0,SELLA DERM BROWN M2,TFL Italy,O,COMPOUND,"pigment EFF nitro, KELA",85.0,25.0,0.0,-,50.0,30.0,0.0,3.0,2.0,5.65,80.0,4.8,80.0,0.0,0.0,,,0.0,1.0,79.0,80.0
37,104748.0,ISOLAC BRUNO,SAMIA,O,PIGMENT,"xai het khong mua, chuyen qua ""SHADE TAN""",70.0,10.0,80.0,2023-04-15::80.0,70.0,37.0,7.0,9.0,10.0,3.176,15.3,4.8,26.7,0.0,0.0,,,7.0,5.0,102.0,100.0
38,105591.0,SHADE TAN/EJ,GSC,O,-,"pigment EFF nitro, KELA",70.0,10.0,0.0,-,0.0,6.0,0.0,0.0,,0.0,6.0,4.3,6.0,0.0,0.0,,,0.0,0.0,6.0,6.0
39,104749.0,ISOLAC BRUNO  ROSSO,SAMIA,O,PIGMENT,"xai het khong mua, chuyen qua ""SHADE BROWN""",70.0,10.0,0.0,-,330.0,79.0,22.0,23.0,25.0,17.203,18.6,4.8,18.6,0.0,0.0,,,22.0,6.0,403.0,387.0
40,105592.0,SHADE BROWN/EJ,GSC,O,-,"pigment EFF nitro, KELA",70.0,10.0,0.0,-,0.0,9.0,0.0,0.0,,0.0,9.0,4.3,9.0,0.0,0.0,,,0.0,0.0,9.0,9.0
41,104538.0,BUTILGLICOLE,SAMCHEM,D,-,-,14.0,188.0,0.0,-,0.0,0.0,0.0,0.0,,0.0,0.0,2.5,0.0,0.0,0.0,,,0.0,0.0,0.0,0.0
42,105282.0,BUTYL CELLOSOLVE (BCS),SAMCHEM,D,-,ve sinh kela,14.0,188.0,0.0,-,0.0,0.0,0.0,63.0,63.0,188.0,0.0,2.5,0.0,0.0,0.0,,,0.0,0.0,0.0,0.0
43,104689.0,CERANIL D 1188,SAMIA,O,-,-,65.0,1.0,0.0,-,0.0,0.0,0.0,0.0,,0.0,0.0,4.2,0.0,0.0,0.0,,,0.0,0.0,0.0,0.0
44,104786.0,CERA ST,GSC ITALY,O,COMPOUND,THUNDER art,80.0,50.0,0.0,-,0.0,46.0,0.0,1.0,1.0,0.0,46.0,4.7,46.0,0.0,0.0,,,0.0,0.0,46.0,46.0
45,105153.0,FYL WAX CERA ST,GSC ITALY,O,-,THUNDER,80.0,50.0,0.0,-,0.0,0.0,0.0,0.0,,0.0,0.0,4.7,0.0,0.0,0.0,,,0.0,0.0,0.0,0.0
46,104541.0,CICLOESANONE *,Samchem,D,COMPOUND,EFF - FISS nitro,14.0,190.0,0.0,-,570.0,239.0,703.0,729.0,848.0,436.761,1.2,2.5,1.2,913.9,4.8,,,703.0,557.0,252.0,106.0
47,104690.0,DC65,NG?C LAN,D,COMPOUND,"EFF water: GRETNA TT,HILLIARD TT, FLORIDA,JAVILLE TT",14.0,120.0,0.0,-,120.0,95.0,1.0,8.0,0.0,0.0,215.0,2.5,215.0,0.0,0.0,,,1.0,0.0,215.0,214.0
48,104787.0,DERMATOP TP,GSC ITALY,O,-,-,80.0,50.0,0.0,-,0.0,0.0,0.0,0.0,,0.0,0.0,4.7,0.0,0.0,0.0,,,0.0,0.0,0.0,0.0
49,104773.0,TO-VI-97,GSC ITALY,O,COMPOUND,"Emulsione Light, NCC ?ã ??i tên thành (WASSERLAC 77 ACB)",80.0,110.0,0.0,-,880.0,582.0,384.0,650.0,699.0,158.855,3.8,4.7,3.8,345.60000000000014,3.1,,,384.0,76.0,1386.0,1078.0
50,105179.0,WASSERLAC 77 ACB,GSC ITALY,O,-,"Emulsione Light,Tên m?i c?a TO-VI-97",80.0,110.0,3080.0,2023-04-22::1430.0|||2023-05-14::1650.0,0.0,0.0,0.0,0.0,,0.0,0.0,4.7,3080.0,0.0,0.0,,,0.0,0.0,0.0,0.0
51,104780.0,EUDERM MATT SN2,LANSESS,O,-,to make the transfer article Hermes from Itumbiara to VN.,26.0,120.0,0.0,-,0.0,0.0,0.0,0.0,,0.0,0.0,2.9,0.0,0.0,0.0,,,0.0,0.0,0.0,0.0
52,104926.0,TOP 100 M,GSC ITALY,O,COMPOUND,NCC doi ten thanh (DERMATOP DULL S),80.0,120.0,0.0,-,0.0,119.0,158.0,122.0,138.0,20.729,0.8,4.7,0.8,616.2,5.1,,,158.0,14.0,105.0,-39.0
53,105176.0,DERMATOP DULL S,GSC ITALY,O,-,ten moi TOP 100 M,80.0,120.0,960.0,2023-04-17::480.0|||2023-04-24::480.0,360.0,0.0,0.0,0.0,,0.0,360.0,4.7,1320.0,0.0,0.0,,,0.0,0.0,360.0,360.0
54,104965.0,RODA LINK C/70,TFL,O,COMPOUND,cross linker,85.0,10.0,750.0,2023-05-12::10.0|||2023-05-16::740.0,880.0,324.0,301.0,353.0,374.0,164.505,4.0,4.8,6.5,0.0,0.0,,,301.0,206.0,998.0,903.0
55,104939.0,AQUAFIX LUCID 555,GSC,O,COMPOUND,NCC da doi ten thanh (AQ SYSTEM 555 LUX),70.0,120.0,0.0,-,0.0,0.0,2013.0,1430.0,286.0,0.0,0.0,4.3,0.0,8655.9,72.1,,,2013.0,1195.0,-1195.0,-2013.0
56,105150.0,AQ SYSTEM 555 LUX,GSC,O,COMPOUND,ten moi cua AQUAFIX LUCID 555,70.0,120.0,9840.0,2023-04-15::3000.0|||2023-04-22::3840.0|||2023-05-14::3000.0,0.0,0.0,0.0,1477.0,2953.0,0.0,0.0,4.3,9840.0,0.0,0.0,,,0.0,0.0,0.0,0.0
57,105021.0,EXP AQUAFIX 1016,GSC,O,-,"TIP,BONO, VANILE,CAPE TOWN TIP,DAKOTA TIP / replace with 555",70.0,120.0,0.0,-,0.0,0.0,0.0,0.0,,0.0,0.0,4.3,0.0,0.0,0.0,,,0.0,0.0,0.0,0.0
58,105086.0,EX WT 43 051,STAHL Singapore,O,COMPOUND,"Fis Baltimora,FISS art: ANGKOR,CAPITAL,TAMPA,FARO,ALINE K TT HP,GABLES,SAHARA, NOKOR, AZORES,MERO",25.0,110.0,3630.0,2023-04-09::440.0|||2023-04-05::660.0|||2023-05-11::2530.0,2750.0,352.0,1681.0,2004.0,2203.0,912.406,1.8,2.8,4.0,0.0,0.0,,,1681.0,1705.0,1397.0,1421.0
59,104555.0,FI-70-306,STAHL Singapore,O,COMPOUND,"FISS art: Vintage, EFF Deco/Lux, EFF Classic TT",25.0,55.0,0.0,-,385.0,30.0,267.0,222.0,293.0,100.375,1.6,2.8,1.6,320.3999999999999,5.8,,,267.0,32.0,383.0,148.0
60,104512.0,Melio Wax AL-03,STAHL Singapore,O,-,"WAX DECO&CLASSIC, FISS1 VINTAGE",23.0,60.0,0.0,-,0.0,0.0,0.0,0.0,,0.0,0.0,2.8,0.0,0.0,0.0,,,0.0,0.0,0.0,0.0
61,104805.0,CONTEX FUCHSIA,SAMIA,O,PIGMENT,-,70.0,120.0,0.0,-,0.0,0.0,0.0,0.0,,0.0,0.0,4.8,0.0,0.0,0.0,,,0.0,0.0,0.0,0.0
62,105462.0,OPERA RUBINO,GSC,O,PIGMENT,GSC pigment,70.0,120.0,0.0,-,1440.0,147.0,20.0,17.0,21.0,6.779,79.3,4.8,79.3,0.0,0.0,,,20.0,1.0,1586.0,1567.0
63,104803.0,GIALLO CONTEX ECP,SAMIA,O,PIGMENT,-,70.0,120.0,0.0,-,0.0,0.0,0.0,0.0,,0.0,0.0,4.8,0.0,0.0,0.0,,,0.0,0.0,0.0,0.0
64,105468.0,OPERA GIALLO,GSC,O,PIGMENT,GSC pigment,70.0,120.0,0.0,-,3480.0,179.0,532.0,342.0,400.0,281.256,6.9,4.8,6.9,0.0,0.0,,,532.0,388.0,3271.0,3127.0
65,104557.0,CONTEX GIALLO PK,SAMIA,O,PIGMENT,-,70.0,60.0,0.0,-,0.0,0.0,0.0,0.0,,0.0,0.0,4.8,0.0,0.0,0.0,,,0.0,0.0,0.0,0.0
66,105472.0,OPERA ARANCIO,GSC,O,PIGMENT,GSC pigment,70.0,120.0,0.0,-,720.0,81.0,106.0,71.0,91.0,9.854,7.6,4.8,7.6,0.0,0.0,,,106.0,78.0,723.0,695.0
67,104745.0,ISOLAC GIALLO ORO,SAMIA,O,PIGMENT,"xai het khong mua nua chuyen qua ""SHADE YELLOW""",70.0,10.0,0.0,-,420.0,55.0,40.0,36.0,48.0,22.656,11.9,4.8,11.9,0.0,0.0,,,40.0,35.0,440.0,435.0
68,105593.0,SHADE YELLOW/EJ,GSC,,-,"pigment EFF nitro, KELA",70.0,10.0,0.0,-,0.0,0.0,0.0,0.0,,0.0,0.0,4.3,0.0,0.0,0.0,,,0.0,0.0,0.0,0.0
69,105611.0,SHADE YELLOW CO/EJ,GSC,,-,"pigment EFF nitro, KELA",70.0,10.0,0.0,-,0.0,0.0,0.0,0.0,,0.0,0.0,4.3,0.0,0.0,0.0,,,0.0,0.0,0.0,0.0
70,104766.0,BRITEX GREEN,SAMIA,O,-,-,70.0,1.0,0.0,-,0.0,0.0,0.0,0.0,,0.0,0.0,4.3,0.0,0.0,0.0,,,0.0,0.0,0.0,0.0
71,104727.0,DILUENT NITRO GL,RIVERBANK,D,COMPOUND,"pha EFF, FISS nitro và v? sinh",14.0,850.0,0.0,-,2550.0,3001.0,14520.0,19682.0,21035.0,9655.617,0.4,2.5,0.4,30492.0,35.9,,,14520.0,8424.0,-2873.0,-8969.0
72,104564.0,HM-283,STAHL Singapore,O,-,"TIPSHINE article: MALTA TIP, BY CAST TIP, ZANZI TIP",20.0,1.0,0.0,-,50.0,50.0,0.0,0.0,,0.0,100.0,2.7,100.0,0.0,0.0,,,0.0,0.0,100.0,100.0
73,100029.0,HM-183                   ,STAHL,O,-,TIP BY MACHINE FOR BONO TT TIP,80.0,1.0,0.0,-,0.0,15.0,0.0,0.0,,0.0,15.0,4.7,15.0,0.0,0.0,,,0.0,0.0,15.0,15.0
74,104563.0,HM-132,STAHL Singapore,O,COMPOUND,-,23.0,22.5,0.0,-,0.0,0.0,0.0,0.0,,0.0,0.0,2.8,0.0,0.0,0.0,,,0.0,0.0,0.0,0.0
75,105205.0,HM-22-132,STAHL Singapore,O,COMPOUND,FISS nitro,25.0,25.0,0.0,-,125.0,16.0,39.0,46.0,44.0,21.931,3.6,2.8,3.6,0.0,0.0,,,39.0,12.0,129.0,102.0
76,100322.0,ICALAC SB 200,ICAP,O,COMPOUND,"KELA mua nhieu len, de 2 thang mua mot lan",83.0,110.0,1650.0,2023-04-21::1650.0,1430.0,440.0,863.0,898.0,861.0,489.759,2.2,4.8,4.1,604.1000000000001,5.5,,,863.0,743.0,1127.0,1007.0
77,104938.0,COMPACT HP3,RECALAC,O,COMPOUND,compound,80.0,1000.0,87000.0,2023-04-14::18000.0|||2022-05-13::18000.0|||2022-05-10::8000.0|||NaT::18000.0|||NaT::18000.0|||2023-04-01::3000.0|||2023-04-01::4000.0,5000.0,630.0,12233.0,7165.0,7955.0,4416.348,0.5,4.7,7.6,0.0,0.0,,,12233.0,5576.0,54.0,-6603.0
78,104952.0,EX-RC -57-611/B,STAHL EUROPE BV,O,COMPOUND,(DONE)-Stahl Germany have another 14ton in their stock.,80.0,1000.0,0.0,-,0.0,0.0,0.0,0.0,,0.0,0.0,4.7,0.0,0.0,0.0,,,0.0,0.0,0.0,0.0
79,104867.0,BASEMASK 5000,SMIT FINISHING,O,COMPOUND,"SOFT, MALTA, OVAR",70.0,120.0,3600.0,NaT::3600.0,3720.0,288.0,1618.0,1179.0,1521.0,842.18,2.5,4.3,4.7,0.0,0.0,,,1618.0,658.0,3350.0,2390.0
80,105321.0,BASEMUSK 5500,SMIT FINISHING,O,-,"Not, approved,PM.VIE.0021.19.A ,will be used in Mallorca article.",85.0,120.0,0.0,-,0.0,0.0,0.0,0.0,,0.0,0.0,4.8,0.0,0.0,0.0,,,0.0,0.0,0.0,0.0
81,104931.0,BINDER M-PR 400,GSC ITALY,O,COMPOUND,Compound,80.0,1000.0,119000.0,2023-04-17::2000.0|||2023-04-15::8000.0|||2023-04-17::10000.0|||2023-04-17::18000.0|||2023-04-22::5000.0|||2023-04-24::24000.0|||2023-04-24::9000.0|||NaT::24000.0|||2023-05-14::6000.0|||NaT::6000.0|||NaT::4000.0|||NaT::3000.0,0.0,0.0,28219.0,18152.0,19534.0,3852.933,0.0,4.7,4.2,14109.5,14.1,,,28219.0,14483.0,-14483.0,-28219.0
82,104932.0,BINDER W 212,GSC ITALY,O,COMPOUND,"Compound,NCC doi ten thanh (BINDER W 207)",80.0,1000.0,0.0,-,0.0,0.0,7871.0,3187.0,2695.0,0.0,0.0,4.7,0.0,36993.700000000004,37.0,,,7871.0,3657.0,-3657.0,-7871.0
83,105151.0,BINDER W 207,GSC ITALY,O,-,ten moi BINDER W 212,80.0,1000.0,42000.0,2023-04-17::3000.0|||2023-04-22::3000.0|||2023-04-24::7000.0|||2023-04-24::11000.0|||2023-05-14::12000.0|||2023-05-14::6000.0,2000.0,1269.0,0.0,1415.0,2830.0,2303.279,3269.0,4.7,45269.0,0.0,0.0,,,0.0,0.0,3269.0,3269.0
84,104928.0,RODA BASE 5615,TFL,O,COMPOUND,"FON or RIM article: AJAX TT, HERCULES TT,CAPRI,SAHARA KTT, RAVENNA,Maestro",85.0,120.0,28000.0,2023-05-12::11000.0|||2023-05-16::7000.0|||2023-05-23::10000.0,3000.0,73.0,4050.0,1613.0,503.0,2979.836,0.8,4.8,7.7,0.0,0.0,,,4050.0,6124.0,-3051.0,-977.0
85,104987.0,BUTIL DIGLYCOL,SAMCHEM,D,COMPOUND,-,14.0,200.0,0.0,-,0.0,0.0,73.0,0.0,,0.0,0.0,2.5,0.0,182.5,0.9,,,73.0,149.0,-149.0,-73.0
86,105283.0,BUTYL CARBITOL (BC),SAMCHEM,D,COMPOUND,add on FISS water,14.0,200.0,0.0,-,400.0,356.0,0.0,100.0,111.0,38.357,756.0,2.5,756.0,0.0,0.0,,,0.0,0.0,756.0,756.0
87,104579.0,LAMOIL GS,UNICHEM,O,-,-,0.0,1.0,0.0,-,0.0,0.0,0.0,0.0,,0.0,0.0,2.0,0.0,0.0,0.0,,,0.0,0.0,0.0,0.0
88,104730.0,LAMSOFT SW16,UNICHEM,O,-,replace with Roda Feel 768N,54.0,100.0,0.0,-,0.0,0.0,0.0,0.0,,0.0,0.0,3.8,0.0,0.0,0.0,,,0.0,0.0,0.0,0.0
89,105263.0,RODA FEEL 768/ N,TFL,O,COMPOUND,"Tato Milling art ELLINGTESSE K TT, add on FISS water",85.0,30.0,0.0,-,1350.0,77.0,2.0,9.0,4.0,18.465,713.5,4.8,713.5,0.0,0.0,,,2.0,0.0,1427.0,1425.0
90,104696.0,LAMSOFT W 81,UNICHEM,O,-,-,54.0,100.0,0.0,-,0.0,0.0,0.0,0.0,,0.0,0.0,3.8,0.0,0.0,0.0,,,0.0,0.0,0.0,0.0
91,104709.0,LAMWAX 6,UNICHEM,O,-,-,54.0,120.0,0.0,-,0.0,0.0,0.0,0.0,,0.0,0.0,3.8,0.0,0.0,0.0,,,0.0,0.0,0.0,0.0
92,104806.0,CONTEX LEMON C,SAMIA,O,PIGMENT,-,70.0,120.0,0.0,-,0.0,0.0,0.0,0.0,,0.0,0.0,4.8,0.0,0.0,0.0,,,0.0,0.0,0.0,0.0
93,105469.0,OPERA LIMONE,GSC,O,PIGMENT,GSC pigment,70.0,120.0,1440.0,2023-04-17::360.0|||2023-05-14::1080.0,120.0,132.0,302.0,233.0,280.0,133.197,0.8,4.8,5.6,0.0,0.0,,,302.0,24.0,228.0,-50.0
94,104746.0,ISOLAC LEMON LP,SAMIA,O,PIGMENT,"xai het khong mua, chuyen qua  SHADE LEMON",70.0,10.0,0.0,-,0.0,10.0,13.0,7.0,3.0,0.0,0.8,4.8,0.8,52.0,5.2,,,13.0,1.0,9.0,-3.0
95,105594.0,SHADE LEMON/EJ,GSC,O,-,"pigment EFF nitro, KELA",70.0,10.0,30.0,2023-04-24::30.0,30.0,1.0,0.0,1.0,2.0,2.829,31.0,4.3,61.0,0.0,0.0,,,0.0,0.0,31.0,31.0
96,104759.0,BRITEX LEMON ICE,SAMIA,O,-,-,70.0,1.0,0.0,-,0.0,0.0,0.0,0.0,,0.0,0.0,4.3,0.0,0.0,0.0,,,0.0,0.0,0.0,0.0
97,104588.0,LS-8296,STAHL Singapore,O,COMPOUND,-,23.0,100.0,0.0,-,0.0,0.0,0.0,0.0,,0.0,0.0,2.8,0.0,0.0,0.0,,,0.0,0.0,0.0,0.0
98,105353.0,LS-64-296 ,STAHL Europe,O,COMPOUND,THUNDER,83.0,100.0,0.0,-,100.0,0.0,0.0,0.0,,0.0,100.0,4.8,100.0,0.0,0.0,,,0.0,0.0,100.0,100.0
99,104891.0,LS-64-256,STAHL Singapore,O,COMPOUND,"EMU, FIS 1,VINTAGE, EFF WILD",25.0,100.0,0.0,-,1300.0,278.0,886.0,683.0,912.0,438.798,1.8,2.8,1.8,885.9999999999998,8.9,,,886.0,0.0,1578.0,692.0
100,104792.0,RODA LAC S 214,TFL,O,COMPOUND,-,85.0,110.0,0.0,-,0.0,0.0,2837.0,0.0,,0.0,0.0,4.8,0.0,13617.6,123.8,,,2837.0,2114.0,-2114.0,-2837.0
101,105310.0,RODA LAC S 214/N,TFL,O,COMPOUND,"EF+FISS NITRO, SIENA",85.0,110.0,7150.0,2023-05-23::3190.0|||NaT::3960.0,1980.0,551.0,3.0,2692.0,3002.0,1712.622,843.7,4.8,3227.0,0.0,0.0,,,3.0,0.0,2531.0,2528.0
102,104729.0,TRUMP FINISH 6311,ISELLO,O,COMPOUND,-,75.0,45.0,0.0,-,945.0,56.0,11.0,41.0,41.0,0.0,91.0,4.5,91.0,0.0,0.0,,,11.0,32.0,969.0,990.0
103,105016.0,SU-2960,STAHL Netherlands,O,-,-,105.0,100.0,0.0,-,0.0,0.0,0.0,0.0,,0.0,0.0,5.5,0.0,0.0,0.0,,,0.0,0.0,0.0,0.0
104,104937.0,MELIO AQUABASE W-MN,STAHL Singapore,O,-,STUCCO BY HAND,25.0,70.0,560.0,NaT::560.0,0.0,0.0,0.0,393.0,439.0,260.5,0.0,2.8,560.0,0.0,0.0,,,0.0,0.0,0.0,0.0
105,104601.0,METALIC SILVER - NHU BAC,Vina Hào D??ng,D,COMPOUND,-,14.0,1.0,0.0,-,3.0,2.0,0.0,0.0,,0.0,5.0,2.5,5.0,0.0,0.0,,,0.0,0.0,5.0,5.0
106,104680.0,MEK-CLEANING SOLVENT,RIVERBANK,D,COMPOUND,FISS nitro,14.0,165.0,0.0,-,0.0,380.0,90.0,273.0,251.0,55.832,4.2,2.5,4.2,0.0,0.0,,,90.0,74.0,306.0,290.0
107,104676.0,MELIO PROMUL AP-39 A,STAHL Singapore,O,COMPOUND,-,25.0,120.0,0.0,-,3600.0,759.0,1841.0,1321.0,1324.0,484.328,2.4,2.8,2.4,736.3999999999999,6.1,,,1841.0,870.0,3489.0,2518.0
108,104961.0,RODA PUR 65,TFL,O,-,xai het chuyen qua ASTACIN FINISH PUMN TF,85.0,1000.0,0.0,-,3000.0,201.0,0.0,320.0,640.0,921.178,3201.0,4.8,3201.0,0.0,0.0,,,0.0,0.0,3201.0,3201.0
109,105505.0,ASTACIN FINISH PUMN TF,STAHL Singapore,O,COMPOUND,xai het PUR 65 chuyen qua xai TF Singapore,28.0,120.0,4200.0,NaT::4200.0,5640.0,559.0,3669.0,2174.0,2139.0,18.364,1.7,2.9,2.8,366.9000000000003,3.1,,,3669.0,2386.0,3813.0,2530.0
110,104960.0,RODA LINK 5504/N,TFL,O,COMPOUND,cross linker,85.0,10.0,700.0,2023-05-16::700.0,2360.0,621.0,970.0,675.0,701.0,352.454,3.1,4.8,3.8,970.0,97.0,,,970.0,507.0,2474.0,2011.0
111,104675.0,MELIO 09-R-179,STAHL,O,-,same as Rodalink 5504,83.0,10.0,0.0,-,0.0,0.0,0.0,0.0,,0.0,0.0,4.8,0.0,0.0,0.0,,,0.0,0.0,0.0,0.0
112,105159.0,RETICOLANTE 05,ORCHID CHEM (NG?C LAN),D,-,-,0.0,10.0,0.0,-,0.0,0.0,0.0,0.0,,0.0,0.0,2.0,0.0,0.0,0.0,,,0.0,0.0,0.0,0.0
113,105157.0,HARDNER UR 26,ORCHID CHEM (NG?C LAN),D,-,-,0.0,10.0,0.0,-,0.0,0.0,0.0,0.0,,0.0,0.0,2.0,0.0,0.0,0.0,,,0.0,0.0,0.0,0.0
114,104734.0,TOUCHMILL C/FAT,GSC ITALY,O,-,OLIO,80.0,1000.0,0.0,-,0.0,156.0,0.0,1.0,,0.0,156.0,4.7,156.0,0.0,0.0,,,0.0,0.0,156.0,156.0
115,104643.0,TOUCHMILL C/LDM (EX MILLITER C/LDM),GSC ITALY,O,-,Will flush out and stop,80.0,1000.0,0.0,-,0.0,0.0,0.0,0.0,,0.0,0.0,4.7,0.0,0.0,0.0,,,0.0,0.0,0.0,0.0
116,104644.0,TOUCHMILL C/LDS (EX MILLITER C/LDS),GSC ITALY,O,COMPOUND,"MILLING MEKONG, CAPITAL,Express,Datanla, PUCCINI",80.0,1000.0,0.0,-,960.0,132.0,65.0,57.0,48.0,41.469,16.8,4.7,16.8,0.0,0.0,,,65.0,10.0,1082.0,1027.0
117,104645.0,TOUCHMILL C/W8 (EX MILLITER C/W8),GSC ITALY,O,COMPOUND,"MILLING CAPITAL,BOWIE",80.0,120.0,2040.0,2023-04-17::960.0|||2023-05-14::1080.0,360.0,22.0,160.0,79.0,86.0,89.61,2.4,4.7,15.1,0.0,0.0,,,160.0,370.0,12.0,222.0
118,104799.0,NERO CONTEX M,SAMIA,O,PIGMENT,"can replace by PP Stahl 19215, PP 11315)",70.0,120.0,0.0,-,0.0,0.0,1.0,0.0,,0.0,0.0,4.8,0.0,4.8,0.0,,,1.0,0.0,0.0,-1.0
119,105464.0,OPERA NERO FR,GSC,O,PIGMENT,GSC pigment (nhà CC ?ã ??i tên thành oxy fine nerro fr),70.0,120.0,0.0,-,1200.0,397.0,1300.0,969.0,1071.0,389.812,1.2,4.8,1.2,4679.999999999999,39.0,,,1300.0,485.0,1112.0,297.0
120,105180.0,OXY FINE NERO FR,GSC,O,-,GSC pigment (tên m?i c?a opera nero),70.0,120.0,12720.0,2023-04-17::3000.0|||2023-04-22::1800.0|||2023-04-24::720.0|||2023-04-24::1200.0|||2023-05-14::1440.0|||NaT::4560.0,0.0,0.0,0.0,0.0,,0.0,0.0,4.3,12720.0,0.0,0.0,,,0.0,0.0,0.0,0.0
121,104754.0,ISOLAC NERO,SAMIA,O,PIGMENT,-,70.0,10.0,0.0,-,1060.0,54.0,112.0,134.0,142.0,74.567,9.9,4.8,9.9,0.0,0.0,,,112.0,67.0,1047.0,1002.0
122,105595.0,SHADE BLACK/EJ,GSC,O,-,-,70.0,10.0,0.0,-,5.0,24.0,0.0,0.0,,0.0,29.0,4.3,29.0,0.0,0.0,,,0.0,0.0,29.0,29.0
123,104914.0,SAMIACEL LACCA 793,SAMIA,O,COMPOUND,"FISS BOWIE (MANWAH), EFF ELLING TON+VISEU K TT LUX",70.0,50.0,0.0,-,0.0,0.0,351.0,0.0,,0.0,0.0,4.3,0.0,1509.3,30.2,,,351.0,100.0,-100.0,-351.0
124,105533.0,SAMIACEL LACCA 793 ET,SAMIA,O,-,"FISS BOWIE (MANWAH), EFF ELLING TON+VISEU K TT LUX",70.0,50.0,2000.0,2023-04-15::2000.0,650.0,100.0,0.0,439.0,327.0,235.939,750.0,4.3,2750.0,0.0,0.0,,,0.0,0.0,750.0,750.0
125,104915.0,SAMIACEL OPACO 813,SAMIA,O,COMPOUND,-,70.0,50.0,0.0,-,0.0,0.0,1.0,0.0,,0.0,0.0,4.3,0.0,4.3,0.1,,,1.0,0.0,0.0,-1.0
126,105515.0,SAMIACEL OPACO 813 ET,SAMIA,O,COMPOUND,"FISS nitro, SIENA, Maestro",70.0,50.0,0.0,-,7850.0,28.0,713.0,814.0,842.0,274.809,11.0,4.3,11.0,0.0,0.0,,,713.0,200.0,7678.0,7165.0
127,104966.0,SMITFIX M 9556,SMIT FINISHING,O,COMPOUND,-,85.0,110.0,0.0,-,0.0,0.0,50.0,0.0,,0.0,0.0,4.8,0.0,240.0,2.2,,,50.0,0.0,0.0,-50.0
128,104964.0,RODA FIX 6271/B,TFL,O,-,fiss water mau trang,85.0,1000.0,2000.0,2023-04-04::2000.0,3000.0,518.0,0.0,657.0,531.0,253.66,3518.0,4.8,5518.0,0.0,0.0,,,0.0,0.0,3518.0,3518.0
129,105410.0,EX-WT-35-711,STAHL Singapore,O,COMPOUND,xai FISS water ,25.0,120.0,18360.0,NaT::1680.0|||NaT::3600.0|||NaT::3240.0|||2023-04-02::4920.0|||2023-05-14::4920.0,0.0,0.0,5055.0,4832.0,5693.0,901.426,0.0,2.8,3.6,0.0,0.0,,,5055.0,3029.0,-3029.0,-5055.0
130,104708.0,NOVA M 16/NF,UNICHEM,O,COMPOUND,-,54.0,120.0,0.0,-,0.0,0.0,0.0,0.0,,0.0,0.0,3.8,0.0,0.0,0.0,,,0.0,0.0,0.0,0.0
131,104973.0,TFIX M 9562,SMIT FINISHING,O,COMPOUND,"Tên art. Có TIP : BRAZOS MANWAH, TIP,BONO TIP, VANILE TIP,CAPE TOWN TIP,DAKOTA TIP,ASPEN,EMO TIP,ROSSINI TT TIP,TSING,XANTUM",70.0,120.0,0.0,-,7200.0,578.0,84.0,207.0,225.0,946.002,92.6,4.3,92.6,0.0,0.0,,,84.0,0.0,7778.0,7694.0
132,104812.0,NOVA NT/L NF,UNICHEM,O,-,-,54.0,120.0,0.0,-,0.0,0.0,0.0,0.0,,0.0,0.0,3.8,0.0,0.0,0.0,,,0.0,0.0,0.0,0.0
133,104824.0,NOVOLAC 750,RECALAC,O,COMPOUND,EMU DARK,70.0,1000.0,20000.0,2023-04-27::10000.0|||2022-05-10::10000.0,1000.0,1720.0,2194.0,5553.0,6408.0,999.942,1.2,4.3,10.4,0.0,0.0,,,2194.0,979.0,1741.0,526.0
134,105376.0,TOPCELL VOC FREE,Tanquimica BRazil,O,COMPOUND,EMUL: ASIAMA and MANWAH,76.0,1000.0,0.0,-,6000.0,260.0,2274.0,621.0,119.0,1382.5,2.8,4.5,2.8,3865.8,3.9,,,2274.0,2088.0,4172.0,3986.0
135,105223.0,EXP AQ SYSTEM EF 91/8,GSC,O,COMPOUND,"EFFETTO water: BONO TT TIP,HP, BRAZOS,VINCI, MALLORCA,BENTON,ANGKOR,RAIDER,GABLES,ROSSINI TT TIP",70.0,120.0,4560.0,2023-04-17::4560.0,720.0,397.0,1648.0,2033.0,2032.0,735.833,0.7,4.3,3.4,1483.1999999999998,12.4,,,1648.0,1167.0,-50.0,-531.0
136,105170.0,AQ SYSTEM EF 91/8,,,-,-,0.0,,0.0,-,0.0,0.0,0.0,0.0,,0.0,0.0,2.0,0.0,0.0,,,,0.0,0.0,0.0,0.0
137,104758.0,BRITEX ORANGE,SAMIA,O,-,-,70.0,1.0,0.0,-,0.0,0.0,0.0,0.0,,0.0,0.0,4.3,0.0,0.0,0.0,,,0.0,0.0,0.0,0.0
138,104800.0,OCRA CONTEX,SAMIA,O,PIGMENT,-,70.0,160.0,0.0,-,0.0,0.0,6.0,0.0,,0.0,0.0,4.8,0.0,28.799999999999997,0.2,,,6.0,0.0,0.0,-6.0
139,105465.0,OPERA OCRA DL,GSC,O,PIGMENT,GSC project,70.0,150.0,13350.0,2023-04-17::3900.0|||2023-04-24::3750.0|||NaT::4500.0|||NaT::600.0|||NaT::600.0,0.0,256.0,2544.0,1590.0,1743.0,818.741,0.1,4.8,5.3,0.0,0.0,,,2544.0,1886.0,-1630.0,-2288.0
140,104747.0,ISOLAC  OCRA ,SAMIA,O,PIGMENT,"xài h?t không mua n?a, chuy?n qua mua ""SHADE CARAMEL""",70.0,10.0,120.0,2023-04-15::120.0,50.0,52.0,12.0,21.0,23.0,9.999,8.5,4.8,18.5,0.0,0.0,,,12.0,3.0,99.0,90.0
141,105596.0,SHADE CARAMEL/EJ,GSC,O,-,"pigment EFF nitro, KELA",70.0,10.0,0.0,-,0.0,5.0,0.0,0.0,,0.0,5.0,4.3,5.0,0.0,0.0,,,0.0,0.0,5.0,5.0
142,104929.0,RODA BASE RECO 8,TFL,O,COMPOUND,PRE,85.0,115.0,4830.0,2023-05-12::575.0|||2023-05-16::4255.0,9660.0,449.0,3582.0,4107.0,4345.0,1105.95,2.8,4.8,4.2,2149.199999999999,18.7,,,3582.0,2005.0,8104.0,6527.0
143,104963.0,RODA CARE NL,TFL,O,COMPOUND,"PRE  art: BOWIE,Ellington, TORONTO TAB,CAPITAL,OVAR,Maestro",85.0,115.0,0.0,-,6670.0,326.0,944.0,1232.0,1187.0,367.918,7.4,4.8,7.4,0.0,0.0,,,944.0,178.0,6818.0,6052.0
144,104728.0,PRIMEX UD 32,GSC ITALY,O,-,-,80.0,120.0,0.0,-,0.0,0.0,0.0,0.0,,0.0,0.0,4.7,0.0,0.0,0.0,,,0.0,0.0,0.0,0.0
145,104761.0,BRITEX RED,SAMIA,O,COMPOUND,-,70.0,1.0,0.0,-,0.0,0.0,0.0,0.0,,0.0,0.0,4.3,0.0,0.0,0.0,,,0.0,0.0,0.0,0.0
146,104624.0,RODA CRYL 137,TFL,O,COMPOUND,"RIM+EF HERCULES TT, AJAX TT /RIM+FISS toronto tab /EFF+FISS Bavaria,….",85.0,120.0,0.0,-,960.0,99.0,73.0,100.0,87.0,4.992,14.5,4.8,14.5,0.0,0.0,,,73.0,33.0,1026.0,986.0
147,104625.0,RODA FEEL S 930,TFL,O,COMPOUND,add on FISS nitro,85.0,22.0,0.0,-,638.0,36.0,74.0,78.0,71.0,32.64,9.1,4.8,9.1,0.0,0.0,,,74.0,5.0,669.0,600.0
148,104801.0,ROSSO CONTEX CO,SAMIA,O,PIGMENT,-,70.0,120.0,0.0,-,0.0,0.0,0.0,0.0,,0.0,0.0,4.8,0.0,0.0,0.0,,,0.0,0.0,0.0,0.0
149,105466.0,OPERA ROSSO DL,GSC,O,PIGMENT,GSC pigment,70.0,120.0,0.0,-,1320.0,97.0,98.0,60.0,68.0,14.401,14.5,4.8,14.5,0.0,0.0,,,98.0,8.0,1409.0,1319.0
150,105042.0,SAMIANIL CB ROSSO RP,SAMIA,O,PIGMENT,"xài h?t không mua n?a, chuy?n qua xài ch?t có tên ??u là ""Sella …."" bên TFL",70.0,25.0,0.0,-,40.0,1.0,1.0,1.0,1.0,0.107,41.0,4.8,41.0,0.0,0.0,,,1.0,1.0,40.0,40.0
151,104750.0,ISOLAC  ROSSO ,SAMIA,O,PIGMENT,"xài h?t không mua n?a, chuy?n qua mua ""SHADE RED""",70.0,10.0,0.0,-,210.0,30.0,11.0,6.0,8.0,7.712,21.8,4.8,21.8,0.0,0.0,,,11.0,35.0,205.0,229.0
152,105597.0,SHADE RED/EJ,GSC,O,-,"pigment EFF nitro, KELA",70.0,10.0,0.0,-,0.0,4.0,0.0,0.0,,0.0,4.0,4.3,4.0,0.0,0.0,,,0.0,0.0,4.0,4.0
153,105018.0,SAMIANIL CB ROSSO VIVO RP,SAMIA,O,-,-,70.0,1.0,0.0,-,0.0,0.0,0.0,0.0,,0.0,0.0,4.3,0.0,0.0,0.0,,,0.0,0.0,0.0,0.0
154,104673.0,SE W 11 CONC,FENICE,O,COMPOUND,"Millipunte BRAZOS, TORONTO TIP, Bycast Tip, Malta Tip",64.0,30.0,0.0,-,1400.0,40.0,17.0,4.0,,0.0,84.7,4.1,84.7,0.0,0.0,,,17.0,0.0,1440.0,1423.0
155,104703.0,SMITFIX G 9058,SMIT FINISHING,O,COMPOUND,Millipunte HAWAII TIP,70.0,120.0,0.0,-,0.0,118.0,7.0,11.0,2.0,2.15,16.9,4.3,16.9,0.0,0.0,,,7.0,0.0,118.0,111.0
156,104672.0,MP1,RIVERBANK,D,COMPOUND,pha màu và v? sinh,14.0,190.0,0.0,-,0.0,675.0,1723.0,3670.0,4498.0,1360.358,0.4,2.5,0.4,3618.3,19.0,,,1723.0,321.0,354.0,-1048.0
157,105161.0,PM1–CLEANING,SAMCHEM,D,-,-,14.0,190.0,0.0,-,0.0,0.0,0.0,0.0,,0.0,0.0,2.5,0.0,0.0,0.0,,,0.0,0.0,0.0,0.0
158,105094.0,ACETONE *,AN V?NH PHÁT,D,-,-,14.0,160.0,0.0,-,0.0,0.0,0.0,0.0,,0.0,0.0,2.5,0.0,0.0,0.0,,,0.0,0.0,0.0,0.0
159,105114.0,SODA CASTIC,Nam Bình,D,-,Maintenance,14.0,25.0,0.0,-,250.0,0.0,0.0,142.0,50.0,25.0,250.0,2.5,250.0,0.0,0.0,,,0.0,0.0,250.0,250.0
160,104642.0,TOLUENE,RIVERBANK,D,COMPOUND, Fiss Deco&lux,14.0,179.0,0.0,-,179.0,120.0,3.0,13.0,14.0,0.05,99.7,2.5,99.7,0.0,0.0,,,3.0,8.0,291.0,296.0
161,104691.0,TOUCHMILL C/WS,GSC ITALY,O,COMPOUND,"MILLING CAPITAL,mekong, express, Datanla,PUCCINI",80.0,1000.0,0.0,-,1080.0,127.0,130.0,111.0,92.0,82.935,9.3,4.7,9.3,0.0,0.0,,,130.0,21.0,1186.0,1077.0
162,104808.0,TURCHESE CONTEX T,SAMIA,O,PIGMENT,-,70.0,60.0,0.0,-,0.0,0.0,0.0,0.0,,0.0,0.0,4.8,0.0,0.0,0.0,,,0.0,0.0,0.0,0.0
163,105470.0,OPERA TURCHESE,GSC,O,PIGMENT,NCC ?ã ??i tên thành (OXY FINE TURCHESE),70.0,120.0,0.0,-,480.0,130.0,84.0,88.0,89.0,17.282,7.3,4.8,7.3,0.0,0.0,,,84.0,51.0,559.0,526.0
164,105187.0,OXY FINE TURCHESE,GSC,O,-,GSC pigmnet,70.0,120.0,480.0,2023-04-17::240.0|||2023-04-17::240.0,0.0,0.0,0.0,0.0,,0.0,0.0,4.3,480.0,0.0,0.0,,,0.0,0.0,0.0,0.0
165,104753.0,ISOLAC TURCHESE,SAMIA,O,PIGMENT,"xài h?t không mua n?a, chuy?n qua mua ""SHADE BLU""",70.0,10.0,0.0,-,180.0,75.0,14.0,21.0,26.0,5.517,18.2,4.8,18.2,0.0,0.0,,,14.0,5.0,250.0,241.0
166,105598.0,SHADE BLU/EJ,GSC,O,-,"pigment EFF nitro, KELA",70.0,10.0,0.0,-,0.0,6.0,0.0,0.0,,0.0,6.0,4.3,6.0,0.0,0.0,,,0.0,0.0,6.0,6.0
167,104765.0,BRITEX TURQUOISE,SAMIA,O,-,-,70.0,1.0,0.0,-,0.0,0.0,0.0,0.0,,0.0,0.0,4.3,0.0,0.0,0.0,,,0.0,0.0,0.0,0.0
168,104913.0,LS 16-235,STAHL Singapore,O,-,-,23.0,170.0,0.0,-,0.0,0.0,0.0,0.0,,0.0,0.0,2.8,0.0,0.0,0.0,,,0.0,0.0,0.0,0.0
169,105326.0,SU 16-235,STALH Singapore,O,COMPOUND,-,23.0,180.0,0.0,-,0.0,0.0,0.0,0.0,,0.0,0.0,2.8,0.0,0.0,0.0,,,0.0,0.0,0.0,0.0
170,105165.0,LS-76-235,STALH Brazil,O,COMPOUND,-,23.0,170.0,0.0,-,0.0,0.0,0.0,0.0,,0.0,0.0,2.8,0.0,0.0,0.0,,,0.0,0.0,0.0,0.0
171,105336.0,EX-SU-76-235,STALH Singapore,O,COMPOUND,"EFF, FISS nitro",25.0,180.0,0.0,-,900.0,648.0,948.0,1132.0,1239.0,640.502,1.6,2.8,1.6,1137.5999999999997,6.3,,,948.0,610.0,938.0,600.0
172,104771.0,CONTEX VERDE,SAMIA,O,PIGMENT,-,70.0,60.0,0.0,-,0.0,0.0,0.0,0.0,,0.0,0.0,4.8,0.0,0.0,0.0,,,0.0,0.0,0.0,0.0
173,105463.0,OPERA VERDE,GSC,O,PIGMENT,GSC pigment,70.0,120.0,0.0,-,960.0,139.0,66.0,40.0,50.0,22.761,16.7,4.8,16.7,0.0,0.0,,,66.0,5.0,1094.0,1033.0
174,105188.0,OXY FINE VERDE,GSC,O,-,GSC project,70.0,120.0,0.0,-,0.0,0.0,0.0,0.0,,0.0,0.0,4.3,0.0,0.0,0.0,,,0.0,0.0,0.0,0.0
175,104809.0,VIOLETTO CONTEX R,SAMIA,O,PIGMENT,-,70.0,60.0,0.0,-,0.0,0.0,0.0,0.0,,0.0,0.0,4.8,0.0,0.0,0.0,,,0.0,0.0,0.0,0.0
176,105471.0,OPERA PORPORA,GSC,O,PIGMENT,GSC pigment,70.0,120.0,0.0,-,2040.0,155.0,38.0,37.0,32.0,13.015,57.8,4.8,57.8,0.0,0.0,,,38.0,9.0,2186.0,2157.0
177,105475.0,OXY FINE VIOLETTO,GSC,O,PIGMENT,GSC pigment,70.0,120.0,0.0,-,3360.0,101.0,50.0,37.0,43.0,25.427,69.2,4.8,69.2,0.0,0.0,,,50.0,45.0,3416.0,3411.0
178,105474.0,OXY CAR BORDEAUX HP,GSC,O,PIGMENT,GSC pigment,70.0,120.0,0.0,-,1440.0,106.0,30.0,20.0,11.0,1.002,51.5,4.8,51.5,0.0,0.0,,,30.0,2.0,1544.0,1516.0
179,104752.0,ISOLAC VIOLETTO,SAMIA,O,PIGMENT,"xài h?t không mua n?a, chuy?n qua mua ""SHADE VIOLET""",70.0,10.0,0.0,-,500.0,32.0,43.0,55.0,56.0,32.965,12.4,4.8,12.4,0.0,0.0,,,43.0,31.0,501.0,489.0
180,105599.0,SHADE VIOLET/EJ,GSC,O,-,"pigment EFF nitro, KELA",70.0,10.0,0.0,-,0.0,9.0,0.0,0.0,,0.0,9.0,4.3,9.0,0.0,0.0,,,0.0,0.0,9.0,9.0
181,104655.0,WT-13-351 (EX-64-170/3),STAHL,O,-,CLASSIC,0.0,120.0,0.0,-,0.0,0.0,0.0,0.0,,0.0,0.0,2.0,0.0,0.0,0.0,,,0.0,0.0,0.0,0.0
182,104873.0,EX-WT-42-511,STAHL Singapore,O,COMPOUND,"FISS art CALIFORNIA, CADENZA",25.0,110.0,0.0,-,220.0,163.0,18.0,66.0,76.0,2.15,21.3,2.8,21.3,0.0,0.0,,,18.0,16.0,367.0,365.0
183,104923.0,TOP RT 10,GSC GROUP S.P.A,O,COMPOUND,NCC ?ã ??i tên thành (CRX RT CONC),70.0,10.0,0.0,-,0.0,65.0,48.0,68.0,84.0,23.653,1.4,4.3,1.4,139.2,13.9,,,48.0,22.0,43.0,17.0
184,105177.0,CRX RT CONC,GSC GROUP S.P.A,O,-,tên m?i c?a TOP RT 10,70.0,10.0,460.0,2023-04-15::180.0|||2023-04-22::110.0|||NaT::170.0,0.0,0.0,0.0,0.0,,0.0,0.0,4.3,460.0,0.0,0.0,,,0.0,0.0,0.0,0.0
185,105411.0,XR-2514,STAHL,O,-,anti allergic to replaceTop RT-10 ,70.0,1.0,0.0,-,0.0,0.0,0.0,0.0,,0.0,0.0,4.3,0.0,0.0,0.0,,,0.0,0.0,0.0,0.0
186,104767.0,CONTEX ZITRON,SAMIA,O,PIGMENT,-,70.0,60.0,0.0,-,0.0,0.0,0.0,0.0,,0.0,0.0,4.8,0.0,0.0,0.0,,,0.0,0.0,0.0,0.0
187,105455.0,OXY CAR CITRON HP,GSC,O,PIGMENT,GSC pigment,70.0,150.0,0.0,-,1200.0,142.0,74.0,48.0,52.0,15.133,18.1,4.8,18.1,0.0,0.0,,,74.0,38.0,1304.0,1268.0
188,104819.0,CORAM T YELLOW,Orchid Chem,D,COMPOUND,Replacement for GIALLO R+L DHL 240Kg/month,14.0,10.0,0.0,-,0.0,0.0,4.0,0.0,,0.0,0.0,2.5,0.0,10.0,1.0,,,4.0,0.0,0.0,-4.0
189,85447.0,CA 3303,Orchid Chem,D,-,Replacement for CORAM T YELLOW ,14.0,25.0,0.0,-,0.0,0.0,0.0,0.0,,,0.0,2.5,0.0,0.0,0.0,,,0.0,0.0,0.0,0.0
190,105554.0,RODA LAC ON 3050-N3,TFL,O,COMPOUND,"FISS art SIENA, ARTIC,Maestro",85.0,20.0,0.0,-,600.0,43.0,1.0,11.0,12.0,5.22,643.0,4.8,643.0,0.0,0.0,,,1.0,0.0,643.0,642.0
191,104842.0,RODA CARE NC,,O,-,-,0.0,1.0,0.0,-,0.0,0.0,0.0,0.0,,0.0,0.0,2.0,0.0,0.0,0.0,,,0.0,0.0,0.0,0.0
192,104854.0,RODA PUR K 312,TFL,O,COMPOUND,-,85.0,120.0,0.0,-,0.0,0.0,0.0,0.0,,0.0,0.0,4.8,0.0,0.0,0.0,,,0.0,0.0,0.0,0.0
193,105550.0,RODA PUR K 312/F,TFL,O,COMPOUND,"SIENA, THUNDER, EF GABLES K TT,AGG KARAT K TT,EF OCALA K TT",85.0,120.0,0.0,-,720.0,48.0,8.0,183.0,201.0,9.5,96.0,4.8,96.0,0.0,0.0,,,8.0,0.0,768.0,760.0
194,104810.0,CONTEX ROSSO HTR-CO,SAMIA,O,PIGMENT,-,70.0,60.0,0.0,-,0.0,0.0,0.0,0.0,,0.0,0.0,4.8,0.0,0.0,0.0,,,0.0,0.0,0.0,0.0
195,105476.0,OPERA VINACCIA,GSC,O,PIGMENT,GSC pigment,70.0,120.0,0.0,-,600.0,130.0,116.0,84.0,103.0,44.554,6.3,4.8,6.3,0.0,0.0,,,116.0,35.0,695.0,614.0
196,104858.0,ISO PROPYLIC ALCOHOL,RIVERBANK,D,COMPOUND,"DYECOAT-BUENA, Fleshside",14.0,160.0,0.0,-,480.0,84.0,52.0,188.0,293.0,79.5,10.8,2.5,10.8,0.0,0.0,,,52.0,114.0,450.0,512.0
197,104983.0,RECAPUR FIX TVN3,,O,-,-,0.0,1.0,0.0,-,0.0,0.0,0.0,0.0,,0.0,0.0,2.0,0.0,0.0,0.0,,,0.0,0.0,0.0,0.0
198,100413.0,MELIO FOAM AX-03,STAHL Singapore,O,COMPOUND,add on FONDO FOAM,25.0,50.0,450.0,2023-04-09::150.0|||2023-04-02::150.0|||2023-04-02::150.0,200.0,81.0,173.0,113.0,129.0,43.555,1.6,2.8,4.2,0.0,0.0,,,173.0,102.0,179.0,108.0
199,104877.0,CRX S 75 / NT,GSC ITALY,O,COMPOUND,cross linker,80.0,10.0,300.0,2023-04-15::300.0,680.0,212.0,238.0,332.0,342.0,143.273,3.7,4.7,5.0,0.0,0.0,,,238.0,112.0,780.0,654.0
200,105256.0,XR-5525,STAHL Singapore,O,-,-,70.0,5.0,0.0,-,0.0,0.0,0.0,0.0,,0.0,0.0,4.3,0.0,0.0,0.0,,,0.0,0.0,0.0,0.0
201,105659.0,EX-XR-55-250 ,STAHL Singapore,O,COMPOUND,cross linker,70.0,5.0,0.0,-,40.0,17.0,6.0,5.0,3.0,0.7,9.5,4.3,9.5,0.0,0.0,,,6.0,1.0,56.0,51.0
202,104662.0,ANTISCHIUMA ANZ 130,MAGNABOSCO,O,-,-,70.0,1000.0,0.0,-,0.0,0.0,0.0,0.0,,0.0,0.0,4.3,0.0,0.0,0.0,,,0.0,0.0,0.0,0.0
203,104390.0,SUPRONIL HK BLACK AS,STAHL Germany,O,COMPOUND,(Daniele)we can replace  with the new ones,80.0,30.0,0.0,-,0.0,0.0,0.0,0.0,,0.0,0.0,4.7,0.0,0.0,0.0,,,0.0,0.0,0.0,0.0
204,105045.0,SAMIANIL CB NERO RP,SAMIA,O,PIGMENT,This chemical will be applied on leather flesh side to use color that is in stock for long time (green,70.0,1.0,0.0,-,320.0,26.0,4.0,8.0,12.0,3.528,86.5,4.8,86.5,0.0,0.0,,,4.0,0.0,346.0,342.0
205,105124.0,SUPRONIL BLACK LD-5915,STAHL Germany,O,-,-,80.0,1.0,0.0,-,0.0,0.0,0.0,0.0,,0.0,0.0,4.7,0.0,0.0,0.0,,,0.0,0.0,0.0,0.0
206,104962.0,RODA LEVELLER B-LM,TFL,O,COMPOUND,add on FISS water,85.0,120.0,0.0,-,720.0,6.0,63.0,95.0,107.0,32.636,11.5,4.8,11.5,0.0,0.0,,,63.0,85.0,641.0,663.0
207,104902.0,SAMIACEL MACCHIA 3338,SAMIA,O,COMPOUND,-,70.0,50.0,0.0,-,0.0,0.0,187.0,0.0,,0.0,0.0,4.3,0.0,804.1,16.1,,,187.0,215.0,-215.0,-187.0
208,105534.0,SAMIACEL MACCHIA 3338 ET,SAMIA,O,-,KELA,70.0,50.0,500.0,NaT::500.0,200.0,94.0,0.0,230.0,261.0,119.64,294.0,4.3,794.0,0.0,0.0,,,0.0,0.0,294.0,294.0
209,104882.0,SMITFIX RL 9492,SMIT FINISHING,O,-,MALDONADO  LUX,85.0,120.0,0.0,-,0.0,0.0,0.0,0.0,,0.0,0.0,4.8,0.0,0.0,0.0,,,0.0,0.0,0.0,0.0
210,104497.0,RODA WAX KCF 638,-,O,COMPOUND,-,0.0,1.0,0.0,-,0.0,0.0,0.0,0.0,,0.0,0.0,2.0,0.0,0.0,0.0,,,0.0,0.0,0.0,0.0
211,104946.0,RODA KCF 684,TFL LEDERTECHNIK GMBH,O,COMPOUND,"KARMA/TUNDRA, THUNDER",85.0,120.0,0.0,-,0.0,217.0,0.0,0.0,,0.0,217.0,4.8,217.0,0.0,0.0,,,0.0,0.0,217.0,217.0
212,105402.0,ICALAC SB1 MATT,ICAP,O,-,"FISS Ellington, BENFICA, CARUSO,VISEU",83.0,23.0,0.0,-,1679.0,49.0,0.0,68.0,53.0,30.65,1728.0,4.8,1728.0,0.0,0.0,,,0.0,0.0,1728.0,1728.0
213,104572.0,ICALAC SB 215,ICAP,O,COMPOUND,"FISS Ellington, BENFICA, CARUSO,VISEU",83.0,110.0,0.0,-,3300.0,75.0,256.0,307.0,237.0,165.05,13.2,4.8,13.2,0.0,0.0,,,256.0,69.0,3306.0,3119.0
214,105084.0,GEALUX QT,Getti Brazil ,O,COMPOUND,"TATO Milling  Ellington, BENFICA, CARUSO",68.0,120.0,0.0,-,1000.0,124.0,49.0,61.0,35.0,43.5,22.9,4.3,22.9,0.0,0.0,,,49.0,18.0,1106.0,1075.0
215,104842.0,RODA CARE NC,-,O,-,-,0.0,1.0,0.0,-,0.0,0.0,0.0,0.0,,0.0,0.0,2.0,0.0,0.0,0.0,,,0.0,0.0,0.0,0.0
216,104846.0,RODA FEEL N 4,TFL,O,COMPOUND,"Fiss Baltimora, Tatto Milling ",85.0,60.0,1980.0,2023-05-12::1080.0|||2023-05-12::300.0|||2023-05-23::600.0,600.0,175.0,809.0,696.0,774.0,358.06,1.0,4.8,3.4,1132.6,18.9,,,809.0,439.0,336.0,-34.0
217,104847.0,RODA FEEL S 2081,TFL,O,COMPOUND, FISS water & nitro (1 s? article),85.0,25.0,0.0,-,325.0,99.0,19.0,29.0,16.0,16.63,22.3,4.8,22.3,0.0,0.0,,,19.0,14.0,410.0,405.0
218,100047.0, Rosilk 2229 Feel Modifier,TFL Brazil,O,-,backup for RODA FEEL S 2081,85.0,25.0,0.0,-,0.0,0.0,0.0,0.0,,0.0,0.0,4.8,0.0,0.0,0.0,,,0.0,0.0,0.0,0.0
219,104852.0,RU 74-987,STAHL Singapore,O,-,-,80.0,110.0,0.0,-,0.0,0.0,0.0,0.0,,0.0,0.0,4.7,0.0,0.0,0.0,,,0.0,0.0,0.0,0.0
220,104870.0,WT-48-459,-,O,-,-,0.0,1.0,0.0,-,0.0,0.0,0.0,0.0,,0.0,0.0,2.0,0.0,0.0,0.0,,,0.0,0.0,0.0,0.0
221,104900.0,NOVA EXP 2052/NF,-,O,-,-,0.0,1.0,0.0,-,0.0,0.0,0.0,0.0,,0.0,0.0,2.0,0.0,0.0,0.0,,,0.0,0.0,0.0,0.0
222,104905.0,FOAM A 10,-,O,-,-,0.0,100.0,0.0,-,0.0,0.0,0.0,0.0,,0.0,0.0,2.0,0.0,0.0,0.0,,,0.0,0.0,0.0,0.0
223,104911.0,ISOLAC FINISH 2081,-,O,-,-,0.0,50.0,0.0,-,0.0,0.0,0.0,0.0,,0.0,0.0,2.0,0.0,0.0,0.0,,,0.0,0.0,0.0,0.0
224,105020.0,BASEMASK 5755/T2,SMIT FINISHING S.P.A,O,-,ch?y BASEMASK,70.0,40.0,1920.0,2023-04-13::1920.0,520.0,360.0,0.0,564.0,692.0,410.0,880.0,4.3,2800.0,0.0,0.0,,,0.0,0.0,880.0,880.0
225,105027.0,RODA TEC AW,TFL,O,COMPOUND,"Fiss Baltimora (art ALINE K TT, BALI….)",85.0,120.0,0.0,-,4320.0,655.0,1052.0,904.0,1006.0,412.1,4.7,4.8,4.7,105.19999999999962,0.9,,,1052.0,560.0,4415.0,3923.0
226,105025.0,RODA BASE AF-B,TFL,O,-,"RIM HERCULES,FON CAPRI",85.0,120.0,0.0,-,0.0,0.0,0.0,0.0,,0.0,0.0,4.8,0.0,0.0,0.0,,,0.0,0.0,0.0,0.0
227,105559.0,RODA BASE AF-B/N,TFL,O,COMPOUND,"RIM  AJAX TT,HERCULES,FON CAPRI",85.0,120.0,0.0,-,1560.0,21.0,107.0,90.0,50.0,65.821,14.8,4.8,14.8,0.0,0.0,,,107.0,0.0,1581.0,1474.0
228,105026.0,RODA FIX 6271/C,TFL,O,-,-,85.0,120.0,0.0,-,0.0,0.0,0.0,0.0,,0.0,0.0,4.8,0.0,0.0,0.0,,,0.0,0.0,0.0,0.0
229,101261.0,EUDERM NAPPA SOFT S2-A,TFL Italy,O,COMPOUND,"Bowie/Viseu / Ellington lux TT & K TT,MALTESSE, VENEZA LUX",85.0,115.0,0.0,-,3305.0,513.0,810.0,589.0,545.0,809.03,4.7,4.8,4.7,80.99999999999972,0.7,,,810.0,152.0,3666.0,3008.0
230,100041.0,PRIMAL SB-100,LANXESS,O,-,"Bowie / Ellington lux TT & K TT,TAB,MALTESSE",25.0,120.0,0.0,-,0.0,0.0,0.0,0.0,,0.0,0.0,2.8,0.0,0.0,0.0,,,0.0,0.0,0.0,0.0
231,105614.0,PRIMAL LH-100,LANXESS,O,-,"Bowie / Ellington lux TT & K TT,TAB,MALTESSE",25.0,120.0,0.0,-,0.0,0.0,0.0,0.0,,0.0,0.0,2.8,0.0,0.0,0.0,,,0.0,0.0,0.0,0.0
232,105655.0,PRIMAL LH 500 ,TFL Brazil,O,COMPOUND,"Bowie/Viseu / Ellington lux TT & K TT,MALTESSE, VENEZA LUX",85.0,120.0,0.0,-,10000.0,489.0,1844.0,1356.0,1260.0,1796.473,5.7,4.8,5.7,0.0,0.0,,,1844.0,346.0,10143.0,8645.0
233,104221.0,PRIMAL SB-150,LANXESS,O,-,"PRE HERCULES,Bowie / Ellington lux TT & K TT, TAB,MALTESSE",25.0,120.0,0.0,-,0.0,0.0,0.0,0.0,,0.0,0.0,2.8,0.0,0.0,0.0,,,0.0,0.0,0.0,0.0
234,105615.0,PRIMAL LH-150,LANXESS,O,-,"Bowie / Ellington lux TT & K TT, TAB,MALTESSE",25.0,120.0,0.0,-,0.0,0.0,0.0,0.0,,0.0,0.0,2.8,0.0,0.0,0.0,,,0.0,0.0,0.0,0.0
235,105656.0,PRIMAL LH 550,TFL Brazil,O,COMPOUND,"PRE HERCULES, AJAX TT,Bowie/Viseu / Ellington lux TT & K TT, TAB,MALTESSE, GOBIEW, VENEZA LUX",85.0,120.0,0.0,-,9000.0,434.0,957.0,809.0,819.0,996.974,9.9,4.8,9.9,0.0,0.0,,,957.0,177.0,9257.0,8477.0
236,105008.0,BINDER M-RI 99,GSC GROUP S.P.A,O,COMPOUND,"RIM (white color), EF HERCULES,  AJAX TT, EFF BONO TT TIP,TORONTO TAB)",70.0,120.0,3840.0,2023-04-17::3840.0,3000.0,1032.0,973.0,1445.0,1220.0,427.314,4.1,4.3,8.1,0.0,0.0,,,973.0,267.0,3765.0,3059.0
237,104959.0,EX-LS-64-468,STAHL Singapore,O,COMPOUND,BUY MORE 225,25.0,25.0,400.0,2023-04-09::100.0|||2023-04-09::100.0|||NaT::200.0,0.0,0.0,0.0,154.0,148.0,0.0,0.0,2.8,400.0,0.0,0.0,,,0.0,0.0,0.0,0.0
238,104706.0,AQUABASE HF LIQ,STAHL Germany,O,-,-,80.0,90.0,0.0,-,0.0,0.0,0.0,0.0,,0.0,0.0,4.7,0.0,0.0,0.0,,,0.0,0.0,0.0,0.0
239,105127.0,BIOTHANE UW 6522,ORCHID CHEM (NG?C LAN),D,-,Tipshine,14.0,120.0,0.0,-,0.0,0.0,0.0,0.0,,0.0,0.0,2.5,0.0,0.0,0.0,,,0.0,0.0,0.0,0.0
240,105167.0,Aquabase HP ,Stahl ,O,-,"STUCCO BY GEMATA=> xài h?t không mua n?a, chuy?n qua xài RODA CARE 5754",70.0,75.0,0.0,-,0.0,0.0,0.0,1008.0,,0.0,0.0,4.3,0.0,0.0,0.0,,,0.0,0.0,0.0,0.0
241,105658.0,AQUABASE UPH,Stahl ,O,-,STUCCO BY GEMATA=> check stock RODA CARE 5754 và check l?i v?i Technician ??i qua AQUABASE UPH (n?u ??i thì báo Singapore tr??c 3 tháng ?? keep stock và mua t?i Singapore),70.0,75.0,0.0,-,0.0,0.0,0.0,0.0,,0.0,0.0,4.3,0.0,0.0,0.0,,,0.0,0.0,0.0,0.0
242,104910.0,RODA CARE 5754,TFL,O,-,STUCCO BY GEMATA=> check stock và check l?i v?i Technician ??i qua AQUABASE UPH (n?u ??i thì báo Singapore tr??c 3 tháng ?? keep stock và mua t?i Singapore),85.0,70.0,1800.0,2023-05-16::1800.0,12000.0,691.0,0.0,3399.0,4540.0,2389.0,12691.0,4.8,14491.0,0.0,0.0,,,0.0,0.0,12691.0,12691.0
243,105218.0,FOUNDER ROLLER 2515 ,SAMIA,O,-,-,80.0,40.0,0.0,-,0.0,0.0,0.0,0.0,,0.0,0.0,4.7,0.0,0.0,0.0,,,0.0,0.0,0.0,0.0
244,105126.0,ANTIFOAM NS-165,Vina Hào D??ng,D,COMPOUND,"add on FISS water, Basemask 5755",14.0,25.0,0.0,-,0.0,54.0,2.0,6.0,5.0,1.225,27.0,2.5,27.0,0.0,0.0,,,2.0,0.0,54.0,52.0
245,105173.0,SMITFIX G 9631,SMIT FINISHING S.P.A,O,COMPOUND,"Tên article có TIP : ROSSINI TT TIP,BRAZOS,SAPPA,PASKOA, BY CAST TIP,TORONTO TIP, ROCKPOINT TIP,EMO TIP,TSING,XANTUM",70.0,120.0,0.0,-,13680.0,388.0,87.0,195.0,227.0,970.751,161.7,4.3,161.7,0.0,0.0,,,87.0,0.0,14068.0,13981.0
246,105175.0,SMITFIX G 9633,SMIT FINISHING S.P.A,O,COMPOUND,"Tên Article có TIP,  TIPSHINE BY HAND & MILLIPUNTE",70.0,120.0,0.0,-,8400.0,98.0,41.0,65.0,38.0,22.37,207.3,4.3,207.3,0.0,0.0,,,41.0,8.0,8490.0,8457.0
247,105600.0,EX-WT-35-703,STAHL Germany,O,COMPOUND,FISS ANKUR K TT,83.0,120.0,120.0,2023-05-14::120.0,480.0,231.0,18.0,91.0,131.0,0.0,39.5,4.8,46.2,0.0,0.0,,,18.0,0.0,711.0,693.0
248,105080.0,RODA CARE HB,TFL,O,COMPOUND,PRE HERCULES,85.0,100.0,0.0,-,0.0,0.0,75.0,0.0,,0.0,0.0,4.8,0.0,360.0,3.6,,,75.0,0.0,0.0,-75.0
249,105516.0,RODA CARE HB-B,TFL,O,-,"PRE HERCULES, AJAX TT",85.0,100.0,0.0,-,1900.0,100.0,0.0,130.0,63.0,72.0,2000.0,4.8,2000.0,0.0,0.0,,,0.0,0.0,2000.0,2000.0
250,105255.0,MA-22-617,STAHL Spain,O,COMPOUND,"EF HERCULES, AJAX TT",71.0,25.0,0.0,-,750.0,44.0,4.0,9.0,5.0,0.0,198.5,4.4,198.5,0.0,0.0,,,4.0,0.0,794.0,790.0
251,105393.0,RODA FEEL KTA 950,TFL,O,COMPOUND,"FIS HERCULES, AJAX TT, FLESH SIDE , Tatto Milling",85.0,25.0,0.0,-,650.0,92.0,0.0,115.0,111.0,80.36,742.0,4.8,742.0,0.0,0.0,,,0.0,0.0,742.0,742.0
252,105012.0,RODA FEEL KTA 950 BR ,TFL,O,COMPOUND,"FIS HERCULES, KELA FLESH SIDE BONO TT TIP",85.0,30.0,0.0,-,0.0,0.0,195.0,0.0,,0.0,0.0,4.8,0.0,936.0,31.2,,,195.0,190.0,-190.0,-195.0
253,105203.0,RODA FIX 6306,TFL Brazil,O,COMPOUND,"FIS HERCULES, AJAX TT",85.0,200.0,0.0,-,1200.0,242.0,41.0,101.0,71.0,447.25,35.2,4.8,35.2,0.0,0.0,,,41.0,0.0,1442.0,1401.0
254,105059.0,RODA FEEL S 2075-BR,TFL,O,COMPOUND,"ch?t này gi?ng RODA FEEL S 2075 , MILLING HERCULES, AJAX TT",85.0,10.0,0.0,-,40.0,0.0,2.0,0.0,,0.0,20.0,4.8,20.0,0.0,0.0,,,2.0,0.0,40.0,38.0
255,104949.0,RODA BASE RECO 3,TFL,O,COMPOUND,"PRE-CAPRI, ANKUR K TT",85.0,120.0,0.0,-,480.0,77.0,24.0,18.0,13.0,9.975,23.2,4.8,23.2,0.0,0.0,,,24.0,0.0,557.0,533.0
256,105349.0,RODA FEEL S 2075,TFL,O,-,"ch?t này gi?ng RODA FEEL S 2075-BR , MILLING HERCULES, AJAX TT",85.0,120.0,100.0,2023-05-12::75.0|||2023-05-16::25.0,50.0,13.0,0.0,1.0,1.0,0.0,63.0,4.8,163.0,0.0,0.0,,,0.0,0.0,63.0,63.0
257,104951.0,SMITFIX RL 9549,SMIT FINISHING S.P.A,O,-,July08-Alan:Place an order for 360kg 9549 ASAP-cancel,83.0,120.0,0.0,-,0.0,0.0,0.0,0.0,,0.0,0.0,4.8,0.0,0.0,0.0,,,0.0,0.0,0.0,0.0
258,105492.0,SELLA DERM YELLOW M2,TFL,O,COMPOUND,"pigment SIENA, EF WATER",85.0,25.0,0.0,-,50.0,4.0,2.0,9.0,10.0,3.164,27.0,4.8,27.0,0.0,0.0,,,2.0,3.0,51.0,52.0
259,104978.0,DARKWAX 6G,GSC,O,COMPOUND,THUNDER,70.0,120.0,0.0,-,240.0,120.0,0.0,0.0,,0.0,360.0,4.3,360.0,0.0,0.0,,,0.0,0.0,360.0,360.0
260,105158.0,FYL WAX 6G,GSC,O,-,THUNDER,70.0,120.0,0.0,-,0.0,0.0,0.0,0.0,,0.0,0.0,4.3,0.0,0.0,0.0,,,0.0,0.0,0.0,0.0
261,105547.0,SELLA DERM LIGHT BLUE M2,TFL Italy,O,COMPOUND,pigment SIENA,85.0,25.0,0.0,-,25.0,4.0,0.0,1.0,0.0,0.0,29.0,4.8,29.0,0.0,0.0,,,0.0,0.0,29.0,29.0
262,105548.0,SELLA DERM FUCSIA M2,TFL Italy,O,COMPOUND,pigment SIENA,85.0,25.0,0.0,-,0.0,7.0,0.0,2.0,2.0,0.834,7.0,4.8,7.0,0.0,0.0,,,0.0,0.0,7.0,7.0
263,105549.0,SELLA DERM ARANCIO M2,TFL Italy,O,COMPOUND,pigment SIENA ( không mua n?a khi nào h?t s? xài DHL ORANGE),85.0,25.0,25.0,2023-05-16::25.0,0.0,8.0,0.0,3.0,4.0,0.0,8.0,4.8,33.0,0.0,0.0,,,0.0,0.0,8.0,8.0
264,105409.0,RODA GROUND RECO 5,TFL Italy,O,COMPOUND,SIENA,85.0,120.0,0.0,-,13320.0,114.0,24.0,118.0,75.0,10.26,559.8,4.8,559.8,0.0,0.0,,,24.0,0.0,13434.0,13410.0
265,105545.0,RODA WAX 4092,TFL Italy,O,COMPOUND,SIENA,85.0,110.0,0.0,-,2640.0,140.0,8.0,35.0,19.0,3.42,347.5,4.8,347.5,0.0,0.0,,,8.0,0.0,2780.0,2772.0
266,105369.0,RODA PUR ADX,TFL Italy,O,COMPOUND,SIENA,85.0,120.0,0.0,-,2640.0,140.0,6.0,27.0,16.0,2.38,463.3,4.8,463.3,0.0,0.0,,,6.0,0.0,2780.0,2774.0
267,104944.0,RODA OIL KCF 673,TFL Italy,O,COMPOUND,SIENA,85.0,110.0,0.0,-,4510.0,140.0,55.0,51.0,23.0,0.0,84.5,4.8,84.5,0.0,0.0,,,55.0,0.0,4650.0,4595.0
268,105063.0,FI 18988,STAHL,O,-,SIENA,70.0,25.0,0.0,-,0.0,15.0,0.0,1.0,3.0,0.0,15.0,4.3,15.0,0.0,0.0,,,0.0,0.0,15.0,15.0
269,105560.0,RODA FIX 5792/N2,TFL Italy,O,-,-,85.0,120.0,0.0,-,120.0,73.0,0.0,0.0,,0.0,193.0,4.8,193.0,0.0,0.0,,,0.0,0.0,193.0,193.0
270,105621.0,RODA WAX KCF 604/N,TFL Italy,O,COMPOUND,SIENA,85.0,120.0,240.0,2023-05-12::240.0,2280.0,419.0,56.0,276.0,184.0,23.94,48.2,4.8,52.5,0.0,0.0,,,56.0,0.0,2699.0,2643.0
271,105626.0,NNXC R-16L,,O,-,sample-Shippiment Brazil to JBS Vietnan,83.0,30.0,0.0,-,1060.0,0.0,0.0,0.0,,0.0,1060.0,4.8,1060.0,0.0,0.0,,,0.0,0.0,1060.0,1060.0
272,105685.0,PRIMEX 2293,GSC,O,-,sample-Chemicals for Chamois and Maestro ,70.0,5.0,0.0,-,5.0,0.0,0.0,0.0,,0.0,5.0,4.3,5.0,0.0,0.0,,,0.0,0.0,5.0,5.0
273,105193.0,ADDITIVE LIV 2455/2,GSC,O,-,sample-Chemicals for Chamois and Maestro ,83.0,5.0,0.0,-,5.0,0.0,0.0,0.0,,0.0,5.0,4.8,5.0,0.0,0.0,,,0.0,0.0,5.0,5.0
274,105684.0,FYL WAX 2500,GSC,O,-,sample-Chemicals for Chamois and Maestro ,83.0,10.0,0.0,-,10.0,0.0,0.0,0.0,,0.0,10.0,4.8,10.0,0.0,0.0,,,0.0,0.0,10.0,10.0
275,105682.0,FYL WAX 69,GSC,O,-,sample-Chemicals for Chamois and Maestro ,83.0,50.0,0.0,-,120.0,0.0,0.0,0.0,,0.0,120.0,4.8,120.0,0.0,0.0,,,0.0,0.0,120.0,120.0
276,105638.0,PEVIT XVS 5491,GSC,O,-,Chemicals for Chamois and Maestro ,83.0,1.0,0.0,-,0.0,0.0,0.0,0.0,,,0.0,4.8,0.0,0.0,0.0,,,0.0,0.0,0.0,0.0
277,104930.0,RODA PUR WX,TFL,O,-,sample-Chemicals for Chamois and Maestro ,85.0,1.0,0.0,-,0.0,46.0,0.0,2.0,4.0,0.0,46.0,4.8,46.0,0.0,0.0,,,0.0,0.0,46.0,46.0
278,,ISOLAC FUCSIA LP,GSC,O,-,Chemicals for Chamois and Maestro ,83.0,1.0,0.0,-,0.0,0.0,0.0,0.0,,,0.0,4.8,0.0,0.0,0.0,,,0.0,0.0,0.0,0.0
279,105612.0,SHADE FUXIA/EJ,GSC,O,-,-,83.0,10.0,0.0,-,0.0,0.0,0.0,0.0,,0.0,0.0,4.8,0.0,0.0,0.0,,,0.0,0.0,0.0,0.0
280,104948.0,RODA WAX 6311,TFL Brazil,O,-,-,85.0,120.0,240.0,2023-04-20::240.0,0.0,10.0,0.0,15.0,5.0,0.0,10.0,4.8,250.0,0.0,0.0,,,0.0,0.0,10.0,10.0
281,105079.0,RODA CARE CE/N2,TFL Italy,O,-,-,85.0,80.0,1200.0,2023-05-12::1200.0,0.0,0.0,0.0,13.0,27.0,0.0,0.0,4.8,1200.0,0.0,0.0,,,0.0,0.0,0.0,0.0
